-- phpMyAdmin SQL Dump
-- version 5.0.2
-- https://www.phpmyadmin.net/
--
-- 主機： 127.0.0.1
-- 產生時間： 2020-07-10 05:37:39
-- 伺服器版本： 10.4.13-MariaDB
-- PHP 版本： 7.2.31

SET SQL_MODE = "NO_AUTO_VALUE_ON_ZERO";
START TRANSACTION;
SET time_zone = "+00:00";


/*!40101 SET @OLD_CHARACTER_SET_CLIENT=@@CHARACTER_SET_CLIENT */;
/*!40101 SET @OLD_CHARACTER_SET_RESULTS=@@CHARACTER_SET_RESULTS */;
/*!40101 SET @OLD_COLLATION_CONNECTION=@@COLLATION_CONNECTION */;
/*!40101 SET NAMES utf8mb4 */;

--
-- 資料庫： `database_1`
--

-- --------------------------------------------------------

--
-- 資料表結構 `admin`
--

CREATE TABLE `admin` (
  `adminId` int(5) NOT NULL COMMENT 'ID(自動產生)',
  `adminName` varchar(50) COLLATE utf8mb4_unicode_ci NOT NULL COMMENT '登入帳號',
  `adminPw` varchar(40) COLLATE utf8mb4_unicode_ci NOT NULL COMMENT '登入密碼',
  `admin-name` varchar(20) COLLATE utf8mb4_unicode_ci NOT NULL,
  `created_at` datetime NOT NULL DEFAULT current_timestamp() COMMENT '建立時間',
  `updated_at` datetime NOT NULL DEFAULT current_timestamp() ON UPDATE current_timestamp() COMMENT '更新時間'
) ENGINE=InnoDB DEFAULT CHARSET=utf8mb4 COLLATE=utf8mb4_unicode_ci COMMENT='管理者';

--
-- 傾印資料表的資料 `admin`
--

INSERT INTO `admin` (`adminId`, `adminName`, `adminPw`, `admin-name`, `created_at`, `updated_at`) VALUES
(1, 'admin', 'd033e22ae348aeb5660fc2140aec35850c4da997', 'admin', '2020-04-23 14:35:22', '2020-04-28 15:13:02');

-- --------------------------------------------------------

--
-- 資料表結構 `article`
--

CREATE TABLE `article` (
  `articleId` int(10) NOT NULL COMMENT '文章ID',
  `memberId` int(11) DEFAULT NULL COMMENT '會員ID',
  `author` varchar(50) COLLATE utf8mb4_unicode_ci DEFAULT NULL COMMENT '作者',
  `articleTitle` varchar(60) COLLATE utf8mb4_unicode_ci DEFAULT NULL COMMENT '文章標題',
  `categoryId` int(11) DEFAULT NULL COMMENT '文章類別ID',
  `articleContent` text COLLATE utf8mb4_unicode_ci DEFAULT NULL COMMENT '文章內容',
  `articleImg` varchar(100) COLLATE utf8mb4_unicode_ci DEFAULT NULL COMMENT '上傳圖片',
  `articleStatus` varchar(20) COLLATE utf8mb4_unicode_ci NOT NULL COMMENT '文章狀態',
  `created_at` datetime NOT NULL DEFAULT current_timestamp() COMMENT '建立時間',
  `updated_at` datetime NOT NULL DEFAULT current_timestamp() ON UPDATE current_timestamp() COMMENT '更新時間'
) ENGINE=InnoDB DEFAULT CHARSET=utf8mb4 COLLATE=utf8mb4_unicode_ci;

--
-- 傾印資料表的資料 `article`
--

INSERT INTO `article` (`articleId`, `memberId`, `author`, `articleTitle`, `categoryId`, `articleContent`, `articleImg`, `articleStatus`, `created_at`, `updated_at`) VALUES
(1, 60, NULL, '捕夢網之牆', 2, '<figure class=\'image\'><img src=\'http://localhost:5000/images/blog/20200703212052.jpg\'></figure><p>我在捕夢網之牆下閱讀，聆聽整座森林無聲鳴唱。</p><p>靈感在此天馬行空，恍若神啟。</p><p>時光倒退回二○一八年十月，我與 N 走上伊拉克里翁百年古城牆，拜訪尼可斯．卡山札基（Nikos Kazantzakis）之墓，獻上一把藍花楹後，附近一個帶《希臘左巴》來訪的英國佬熱切解說墓碑上三句希臘文意思是：</p><blockquote><p><i>「我一無所求，一無所懼，我是自由的。」</i></p></blockquote><p>他將書讀了三遍，喜歡左巴精神，又說作家之妻也葬在附近，訝異台灣曾翻譯此書。雖然早知碑文意思，聽他用英文朗誦一遍，那刻作家之墓如燈塔亮起來，憑藉這道光指引，各地讀者在此相聚取暖，訴說未竟之事。</p><p>不禁感嘆雅典有千年衛城、諸多神話與文人遺蹟，反觀台灣只有百年歷史，我們有什麼文化資源，吸引外國友人前來呢？回國後，我認真思考「保存文化」這件事，傳了些鳥新聞給他。台灣有二十七種特有種鳥類，位於世界九大候鳥遷徙線上，今年秋天還將舉辦亞洲最大的鳥博覽會，堪稱賞鳥天堂。</p><p>是的，我們是新的文明，需另闢蹊徑，讓世界認識。</p><p>一筆一畫，我以文字書寫《飛羽集》；一針一線，將收集多年的藍鵲、五色鳥、綠頭鴨換季落羽做成捕夢網，再將紫嘯鶇、藍腹鷳等鳥羽排列成花，透過彩繪與書寫，打造一座迷你鳥羽博物館。</p><p>羽牆下，是我與靈感共鳴的秘密角落。</p>', 'http://localhost:5000/images/blog/20200703212052.jpg', '', '2020-01-07 21:21:10', '2020-07-09 13:19:46'),
(2, 60, NULL, '彩色的風景，彩色的心情', 1, '<figure class=\'image\'><img src=\'http://localhost:5000/images/blog/20200703213415.jpg\'></figure><p>遇到讓人開心的人，</p><p>一眼就會從對方眼裡　看見讓人很喜歡的靈魂</p><p>&nbsp;</p><p>一些單純、一些簡單、一些讓人放心　更多的是自信</p><p>那是每個人之可能不同的地方</p><p>&nbsp;</p><p>人，不用多厲害　靈魂裡的純粹才迷人！</p>', 'http://localhost:5000/images/blog/20200703213415.jpg', '', '2020-01-10 21:34:25', '2020-07-09 13:19:41'),
(3, 60, NULL, '喜歡紅燈停，綠燈也停', 2, '<figure class=\'image\'><img src=\'http://localhost:5000/images/blog/20200703214525.jpg\'></figure><p>知道時間不會停下來，於是便自己停下。假裝自己身上不存在時間。以為會被人海推動的，其實並不；以為迎來的人會給予擁抱或指責，其實也並不。站在十字路口，綠燈以後，當我仍停在原地，世界會變得非常安靜。</p><p>&nbsp;</p><p>安靜時五感會予以回饋：原來人是城市的伏線，渺小的竄動，卻撐起了一座又一座的城市、一件又一件關於對立、關於矛盾或是關於值得喜極而泣的故事。<strong>是那一瞬間，人們臉上的表情對我而言變得重要了、人們在電話裡頭說話的聲音對我而言也變得重要了，我站在那裡被經過和穿透，他們於是成為我的日記、成為我去談論世界時依附和想像的輪廓。</strong></p><p>&nbsp;</p><p>大概是慣於享受那樣的時光，於是才有機會看見不一樣的景色，比如小說裡寫著的飛舞著漫天棉絮的台北，比如看見人們真正的面孔是布偶。</p><p>&nbsp;</p><p><a href=\'google.com\'><strong>散步裡的散，散漫也帶著停下的意思吧</strong></a>；而步這個字，有一種親臨現場的意味。苦無靈感的時候，我會離開自己的角落，我會走進人海，坦蕩地當一個偷竊者，偷別人的眼神或是一兩個句子、偷別人的聲音、偷別人的角落。當感覺到自己是透明的，就能容納新的東西進來了。</p><p>&nbsp;</p><p>所以才會喜歡紅燈停，綠燈也停。</p>', 'http://localhost:5000/images/blog/20200703214525.jpg', '', '2020-01-13 21:45:38', '2020-07-09 13:19:36'),
(4, 60, NULL, '只想做出點自己都會驕傲的事情!', 1, '<figure class=\'image\'><img src=\'http://localhost:5000/images/blog/20200703213825.jpg\'></figure><p>夢想，不大</p><p>不真能代表些甚麼<br><br>&nbsp;</p><p>但只想做出點自己都會驕傲的事情！</p>', 'http://localhost:5000/images/blog/20200703213825.jpg', '', '2020-01-22 21:38:36', '2020-07-09 13:19:33'),
(5, 60, NULL, '走到你身後的，不如在你眼前的', 1, '<figure class=\'image\'><img src=\'http://localhost:5000/images/blog/20200703214007.jpg\'></figure><p>喜歡一個人，總不能傻傻的跟在他的後頭</p><p>以為做的一切，那甘心甘願　有一天終會被看見</p><p>&nbsp;</p><p>真實的是，你不站到他面前　他又怎知道有一個人為他用心</p><p>&nbsp;</p><p>如同感情走過了幾年的歲月&nbsp;</p><p>牽手並肩的老夫老妻　永遠比前後保持距離的先生妻子　</p><p>愛得讓人沉醉</p>', 'http://localhost:5000/images/blog/20200703214007.jpg', '', '2020-01-25 21:40:09', '2020-07-09 13:19:28'),
(6, 60, NULL, '打開心，你就成功了一半。', 1, '<figure class=\'image\'><img src=\'http://localhost:5000/images/blog/20200703214047.jpg\'></figure><p>傷心這件事情，總該經歷</p><p>經歷了幾次不對的愛情　離開了那些在不對時間出現　不對的人</p><p>&nbsp;</p><p>妳單獨的面對了自己　不管懂不懂為什麼　都無所謂</p><p>只要記得　哭完之後笑著面對這個世界</p><p>它總會讓妳遇見　下一個讓妳笑的人</p>', 'http://localhost:5000/images/blog/20200703214047.jpg', '', '2020-01-27 21:40:48', '2020-07-09 13:19:21'),
(7, 60, NULL, '留在我手裡的，不只是愛情', 1, '<figure class=\'image\'><img src=\'http://localhost:5000/images/blog/20200703213647.jpg\'></figure><p>故事進行中，不只愛情　而早超過了愛情</p><p>牽著手往前走，多了好多　不是與生俱來<br><br>&nbsp;</p><p>留在你心裡的，眷戀出珍惜</p><p>留在我手裡的，不只是愛情<br><br>&nbsp;</p><p>愛，那超過愛情的　不用言喻。</p>', 'http://localhost:5000/images/blog/20200703213647.jpg', '', '2020-01-29 21:36:56', '2020-07-09 13:19:16'),
(8, 60, NULL, '街續', 2, '<figure class=\'image\'><img src=\'http://localhost:5000/images/blog/20200703214851.jpg\'></figure><p>若是鎮日悶困在家，我便例行對自己鬱鬱的身體擲一句：出去繞繞吧。它便順從了我的提案。逢凜冬，大衣長襪。若遇炎夏，輕裝簡從。我已養育固定的路線，自賃居處出發，這拐角轉去是一淡定的超商，那巷弄鑽入有一喧嚷的黃昏市場……偶爾，也按捺性子，刻意繞遠，迂迴探勘。</p><p>&nbsp;</p><p>近日，學姊分享了文法書上讀到的一句：「問題是陽性的，解方是陰性的。」我倒覺得，這說法也適用於各種生活函數。譬若，意識是陽性而情緒是陰性。感官是陽性而位移是陰性。我熱衷吟味它們的不同變項，不同數值，反映在體感上的殊異。我謹慎地拿捏著，細細地調度，以換取暫時的調和與一瞬平衡。故而，我再往大街上晃蕩。</p><p>&nbsp;</p><p>該是緣於我南投水里鄉間的童年記憶。那時祖厝緣山而建，臨街左右分別是一間晦暗旅店，一戶紅燈暈的茶室。斜對街有文具行，正前方則是義民廟。祖父母常晨起，偕我推車趕赴水里車站前的市集。車上有後山刨來的山筍，有自栽自售的果物。沿途經過山產店、藥房、食鋪……於我，是三界九地細碎紛紛扳轉開來的一幅卷軸，教人連「腳趾頭都豎起來觀望」。</p><p>&nbsp;</p><p>多年後返鄉，老屋歷震災，又重建。原來，那條熟悉又陌生的街市何其窄短。如今我有了隻身走街的習慣。我寓居的城市時時矜住它蒙塵的歷史，供予市井生民搏生的空間。風景裡滿盈他人之記憶，他人之歡樂與憂傷。何其真實，何其飽滿的榮枯流轉，雜陳的入世情感。卡爾維諾老早便曉諭過了：唯有認識事物的外表，才能進一步探索其底邃。但事物的表象卻無可窮盡。於是，口袋裡揣著我的筆記小冊子，我又出門溜達了。</p>', 'http://localhost:5000/images/blog/20200703214851.jpg', '', '2020-02-01 21:49:02', '2020-07-09 13:19:12'),
(9, 17, NULL, '一間沒有唱片的唱片行：讀《瓦力唱片行》', 3, '<figure class=\'image\'><img src=\'http://localhost:5000/images/blog/20200703215334.jpg\'></figure><blockquote><p><i><strong>你的故事被你埋藏了，卻早有人偷偷把故事轉檔成文字，在他的唱片行裡大鳴大放。你不相信？去一趟《 瓦力唱片行 》看看吧。&nbsp;</strong></i></p></blockquote><p>&nbsp;</p><p>我是一個開唱片行的人。我知道來店裡買唱片的人都是愛歌之人，但我總還是想著，人們會買下這張唱片並且好好帶回家收藏，一定有比音樂本身還重要的原因。</p><p>因為故事吧。</p><p>每個人心中都有自己的人生OST，這些歌之所以存在心裡，唯一原因就是歌中有你的故事。這些故事是你的青春，你羞於啟齒的秘密，卻沒想到有人就這麼唱了出來。沒有經過同意就代言了你的故事，你怎麼能不把這違規的東西從唱片行下架呢。只是你沒想到，數位化的浪潮竟是如此翻天覆地襲來，實體唱片消失了，還有MP3在網路上流傳；</p><p><strong>你的故事被你埋藏了，卻早有人偷偷把故事轉檔成文字，在他的唱片行裡大鳴大放。你不相信？去一趟《瓦力唱片行》看看吧。</strong></p>', 'http://localhost:5000/images/blog/20200703215334.jpg', '', '2020-02-02 21:53:39', '2020-07-09 13:19:08'),
(10, 14, NULL, '四季甜美盛開 - 不凋花花藝課', 4, '<figure class=\'image\'><img src=\'http://localhost:5000/images/blog/20200703215810.jpg\'></figure><h2>永生之美 - 認識不凋花</h2><p>&nbsp;</p><p>不凋花，又稱永生花，最初由法國於 1991 年研發生產，傳入日本後聲名大噪。一朵不凋花從製作到完成大約要數日或數月。將採集而來的鮮花在最美的時刻脱色、上保存液後上色並乾燥，讓鮮花裡原有的水份養份和保存液完全的交換，才能製作出一朵高品質的不凋花。</p><p>&nbsp;</p><p>莉朵花藝推出的不凋花應用課程，全部使用高品質的不凋花材，教授如何運用花材特性，完成漂亮花藝作品。如果你對花兒美麗的樣貌吸引，卻又不熟悉照顧的方法，或是對花粉過敏，那你一定不能錯過不凋花的花藝課程，將花朵染上美麗的夢幻色彩，精緻的成品，無論是擺在家中或送人都很合適。</p>', 'http://localhost:5000/images/blog/20200703215810.jpg', '', '2020-02-03 21:58:19', '2020-07-09 13:19:03'),
(11, 10, NULL, '以南方為思考座標：《南方從來不下雪》', 3, '<figure class=\'image\'><img src=\'http://localhost:5000/images/blog/20200703215940.jpg\'></figure><p>繼長篇小說<a href=\'http://www.books.com.tw/products/0010680399\'>《不測之人》</a>（2015），<a href=\'http://www.unitas.me/?s=%E9%99%B3%E8%82%B2%E8%90%B1\'>陳育萱</a>交出短篇小說集新作《南方從來不下雪》（2020），書名聽起來詩情畫意，其實具備更富思辨性與成熟的寫作理念，反映陳育萱這五年的蛻變。最顯著的轉變，應該是她以「南方」為思考座標的自我定位。從《南方從來不下雪》的書名、創作理念說明、書末與連明偉的對談、相關行銷與報導，「南方」儼然成為關鍵詞。陳育萱更在訪談直指，《不測之人》與《南方從來不下雪》是她的「南方二部曲」。</p><p>「南方」指的是什麼？「南方」一方面銘刻作家落居台南、高雄等南方城市多年的所見所感，另一方面，也標示陳育萱的自我文學定位。陳育萱筆下的南方，希望向福克納、歐康納等來自美國南方、中南美洲的創作者看齊，把寫作視野投向以往被視為蠻荒、落後、卻又生機勃勃的南蠻之境。1980年代中期之後，台灣曾掀起一波來自南方的魔幻寫實主義浪潮，但陳育萱的南方影響不停留於美學模仿，而是從寫作主題關注南方底層人民在全球化處境下遭受的種種剝削。南方是一種思考座標、觀看的方式，而南方作為思考座標的意義—— 如她所言—— 在於「以陽光鞭策我瀝除小我濕氣」，藉此跳脫耽溺內在探索的困境。</p><p>陳育萱是頗為自覺的寫作者。然而，儘管《不測之人》和《南方從來不下雪》皆屬「南方二部曲」，我認為《不測之人》仍未能展現「瀝除小我濕氣」的特質。《不測之人》藉由一名意外溺水的亡魂返回陽間，徐徐展開台灣鄉村面臨的困境。小說把故事性降到低點，意識竄流，敘述觀點跳躍，精緻的寫作技術打造出極具個人風格的鄉土故事，卻不免讓「南方」流於影影綽綽的背景。相形之下，新作《南方從來不下雪》讓以南方為思考座標的實踐正式浮上檯面。</p><p>《南方從來不下雪》收錄六篇短篇小說，觸及高雄氣爆、都更、工傷、產業轉型、居住正義、轉型正義等現實課題，呈現南方的生命困境。陳育萱維持一貫抒情詩意筆法，故事性卻比《不測之人》鮮明，可讀性極高。《南方從來不下雪》無論是美學手法或作品所呈現的南方思考，較之前作在在顯得更為成熟、豐厚。</p><p>這一本小說書寫的社會議題聽起來生硬無比，但陳育萱巧妙地把社會議題和個人認同冶煉為一爐，賦予小說角色更為立體而血肉的面貌。多數小說把主角設定為出身單親家庭的獨生子，且往往位處經濟、政治或種族的弱勢，徐徐展開故事。比方說，〈歸位〉的原住民學生，〈南方從來不下雪〉講述白色恐怖受難者家屬的生命缺憾，〈明天我們去看海〉與〈反光〉談青少年自我認同，〈放生〉談外省軍人離散身世，這幾篇小說圍繞於台灣文學常見的認同書寫，卻嘗試把個人認同構築於眷村拆遷、勞工資遣、工傷賠償、轉型正義等當代社會議題背景下。這種寫法一方面傳遞小說家對南方底層人民的關切；另一方面，作家細筆描繪小說角色遭受同儕排擠的內心掙扎與自我質疑，又飽含情感溫度，不讓角色淪為作家意志的傳聲筒。</p><p>另外值得一提的是，小說除了在社會批判與個人抒情性之間取得平衡，現實與幻想的模糊曖昧邊界，也是一大看點。小說家所架構的南方現實世界內面，往往包裹著一部幻想機器。這一台幻想機器可能是魔術秀、電玩遊戲、洋芋片、英雄電影、夢、或大病囈語，當這些幻想機器啟動，一條暫時迴避生命苦難的逃逸路線隱然成形，讓小說角色稍稍喘息。甚至，「往南方去」本身亦成為了逃逸路線（例如〈南方從來不下雪〉）。我認為這一本小說裡寫得最精彩的幾篇如〈歸位〉、〈明天我們去看海〉、〈反光〉皆具備上述特質，讓小說在凌厲逼視灰撲撲現實困境之際，同時流露一種童真、浪漫、溫暖的氛圍，調高整篇小說的彩度。</p><p>在台灣文學經典作品裡，南部總是被視為救贖之地，陳育萱的這本新作也多多少少流露類似觀點，同名篇章〈南方從來不下雪〉是一例。但整體來說，從《不測之人》到《南方從來不下雪》，陳育萱對南方的思考逐步成熟，也開發出獨樹一格的敘事腔調。有別於《不測之人》一股腦的黏膩與勾纏，《南方從來不下雪》遊走於明朗、灰濛、犀利尖銳又幻想十足的敘事口吻，這種在邊界游移的特質既表現在整體小說氛圍，也與陳育萱不斷跳躍敘事觀點和故事線的習慣呼應，讀來驚喜連連。相對來說，〈放生〉編年式的寫作手法就顯得失色不少。</p><p>「戰南北」不只是台灣挑戰，事實上，「全球南方」（the Global South）亦是當前國際社會科學和人文學研究備受關注的議題，替台灣的南方思考提供不少論述基底。陳育萱在《南方從來不下雪》提出以南方為思考座標，這不禁讓我想起與陳育萱同一世代的連明偉。他的<a href=\'https://www.books.com.tw/products/0010831932\'>《藍莓夜的告白》</a>（2019）寫來自非洲、亞洲、南美洲的南方底層移民匯聚在一間北國五星級飯店，同樣以南方為思考座標。《南方從來不下雪》收錄陳育萱與連明偉的對談，不僅是因為東華創英所同窗，更源自他們二人皆自覺地透過小說講述南方世界故事，標示出台灣新一世代創作者的嶄新創作趨勢。這一波南方思考如何發展，值得留意。</p>', 'http://localhost:5000/images/blog/20200703215940.jpg', '', '2020-02-05 21:59:42', '2020-07-09 13:18:59'),
(12, 7, NULL, '《貓修羅》：貓的認同、抵抗、 革命', 3, '<figure class=\'image\'><img src=\'http://localhost:5000/images/blog/20200703220807.jpg\'></figure><blockquote><p><i>六月，出現香港抗爭者以死相諌的自殺事件之後，網絡族群曾發起「周五貼貓照，減壓救地球」的行動，一時甜美可愛慵懶貓照四處飄發，事情皆以困苦的現實為背景——貓的存在，是我們艱苦生活裡的重大慰藉。我曾接濟過一個被警棍傷鼻的青年，他一夜沒好睡，在我家就是不斷逗貓減壓。抗爭到極白熱化時，就算送《</i><a href=\'http://www.books.com.tw/products/0010820681\'><i>暴政</i></a><i>》這樣的小書，都很難讓前線抗爭者看的；但我翻到《</i><a href=\'http://www.books.com.tw/products/0010839209\'><i>貓修羅</i></a><i>》，便覺，送這書他們應該會看。</i></p></blockquote><h2><strong>以嫌為愛之名</strong></h2><p>《<a href=\'http://www.books.com.tw/products/0010839209\'>貓修羅</a>》是詩人學者楊佳嫻最新結集的貓圖文集。吾友佳嫻在臉書上曬貓相已經相當一段時間——養貓可以說是補完一個文青偶像的一塊關鍵拼圖。大貓楊晚輩是以佳嫻「楊長輩」的愛稱而來，已然暗示出「子女」的親屬想像，我亦親見佳嫻在街上看別人家的貓時嘀咕「我們家的貓比較美」，我心想這可是已經超越一般家長的競爭心理。</p><p>可是到了出書，佳嫻還是有著文人的矜持——畢竟是我們詩的時光女王——在出版前就曾跟我們講說怕書出得流於商業淺薄俗氣，而我一身巿井味，大叫「沒問題沒問題」——回頭再想，我那種毫不掩飾，大概是因為滿身亂世塵埃，催淚彈屑，想著前線難得安樂茶飯，於是連一點小確幸都像蒙了祝福。佳嫻是不知道我心裡這番轉折，因為她自有她的轉折：書名曰「修羅」，書中自解曰：「佛教中所說的阿修羅（Asura），男性貌寢，女性貌美，同樣易怒好爭。」而比之於楊家二青年雄貓，整天好玩好鬥喫與睡，而主人每天整理牠們撞啊翻啊的小世界，簡直是在修羅場修行。呃，各位看官自然知道是口是心非之語——<strong>以嫌為愛</strong>，<strong>故意劃出的一點距離</strong>，<strong>以示與眾不同</strong>，<strong>不是愛貓海中浮沉的一般眾生</strong>。<strong>後文之親密溫柔小確幸</strong>，<strong>是要這一點距離才能更圓豁地展開</strong>。</p><p>《<a href=\'http://www.books.com.tw/products/0010839209\'>貓修羅</a>》這個書名本是倒過來說的，正經該叫「貓菩薩」才對，但若真要叫聲救苦救難慈悲菩薩匍匐在地，那麼容易臣服，毫不抵抗，又有趣味呢？這或者也是貓給我上的一課，貓不是那麼容易臣服的生物，相反牠們馴服人類，讓人類樂此不疲。<br>文學中的貓</p><p>承上文，以何物抵抗，以劃出必要的距離？自然是文學的部分。《<a href=\'http://www.books.com.tw/products/0010839209\'>貓修羅</a>》中有許多將文學典故信手拈來的趣味小節，讀來如春草鮮翠欲滴。自《<a href=\'http://www.books.com.tw/products/0010534033\'>瑪德蓮</a>》以來，我一直認為楊佳嫻寫的小斷章是當世極品之一；《<a href=\'http://www.books.com.tw/products/0010839209\'>貓修羅</a>》當然不像《<a href=\'http://www.books.com.tw/products/0010534033\'>瑪德蓮</a>》那麼流光溢彩（因為射燈和鎂光燈都留給了貓），但因為更為樸素，亂頭粗服不掩國色，佳嫻的聰明也就更顯眼。像借夏目漱石的《<a href=\'http://www.books.com.tw/products/0010834875\'>我是貓</a>》之日本原文，提出「吾輩即貓」這個譯法，在「我」與「吾輩」兩個詞之間玩味，點出「吾輩」有「我這一代」的意思，乃在此提出一個貓族群之認同，內在是文人因為照顧貓而出現的連繫與支持。有別於我們前輩的作家，首要肯定的聚焦為個人之殊異；我們這一代的作者，是可以找到個別小族群的認同，並以情誼取代 ego 作為召喚。七十年代生人，經歷過身份政治尚比較健康的年代，保存著連結的思維與不排斥的原則，至於今日，份外覺得重要。</p><p>李政曄的攝影自然是精彩到足饗一切楊晚輩與奧都之粉絲；有別於一般街貓、店鋪貓的攝影集，這本因為是自家之貓，內有大量慵懶粗豪狂放不顧儀態之照片。而採光永遠保有一種療癒的溫度。如果是這樣，單看照片，何必文字？我想這是出貓和美食之攝影圖文集所難以繞過的焦慮。</p><p>書中簡短的文字中，還是有一些照片的療癒風以外的成份，像佳嫻寫《金瓶梅》中潘金蓮養的雪獅子，這可是曾經意圖趁西門慶與潘金蓮床第耍子時介入並撕抓西門慶，後來又不負潘金蓮所託把李瓶兒兒子嚇死的狠角色（佳嫻沒提到牠的下場，大概是很不忍心），陰謀詭計加上肉欲延伸，這麼刺激，與楊家雙貓的滾地美照，可稱是圖文不符的。但就是有這一點寧可圖文不符的抵抗之心，文字作為需付諸想像的抽象符號系統，還是有可能比圖像更為刺激。</p><p>關於貓的一切，幾乎已經不待言說，尤其是它的親密，就像抽象如楊牧，到了《<a href=\'http://www.books.com.tw/products/0010098065\'>海岸七疊</a>》，也只直寫「你是花蓮最美的新娘」。<strong>貓是比較傾近於想像的動物</strong>，<strong>人類猜度牠們的種種反應</strong>，<strong>其實不過是自我投射</strong>，<strong>自戀的延伸</strong>。我是一個抗拒進入主奴關係的養貓人，有時喜歡嘲笑朋友們因為貓而呈現失智狀態，即想像太多，違背理性，想像有時根本就是反智的。不過看了《<a href=\'http://www.books.com.tw/products/0010839209\'>貓修羅</a>》最後數章，看到作者整個人類世界如何轉向以貓的邏輯來運作，<strong>我突然明白所謂反智</strong>，<strong>也許是放下人類的所謂尊嚴與自我中心</strong>，<strong>朝向與世界所有物種更為齊平的一個過程</strong>。<strong>那便是革命的顛覆</strong>。</p>', 'http://localhost:5000/images/blog/20200703220807.jpg', '', '2020-02-07 22:08:09', '2020-07-09 13:18:54'),
(13, 6, NULL, '光影共生，樂園嚮往：《借你看看我的貓》', 5, '<figure class=\'image\'><img src=\'http://localhost:5000/images/blog/20200703221118.jpg\'></figure><p>誠如楊佳嫻所言：「我懷疑親子問題是寫作者的常態，許多負氣和傷痕，拖曳與擦撞，都像是日後所有創作的最終隱喻。」先不論小說如《孽子》、《逆女》當中對父子、母女關係的刻畫，或鯨向海、羅毓嘉詩中對父親的幽靈書寫，散文中，振鴻、郭強生、謝凱特等人筆下的父親令人印象深刻，琦君與簡媜書寫母親、鍾文音〈我的天可汗〉、楊佳嫻〈候鳥╱歸鳥〉都是讓人一再咀嚼回味。書寫親子關係看似最平凡，要寫出奇崛之效又不容易。</p><p>在散文中揭露自我，往往需要很大的勇氣，特別是將家庭較為不堪的一面攤在陽光底下，意謂再次揭露傷疤，面對陰影與夢魘。張馨潔在文字中一再書寫與母親的關係，實則最大的痛苦與成長都來自母親。從小與舅舅相依為命的母親渴望「一個完整的家」，失落之後，只有緊緊抓住三個孩子。母親看似勇敢離婚、帶著三個女兒逃離的那種「倔強與不服輸」，在轉化之後，成為轉嫁到女兒身上的控制欲或作者所云之「恨意」，要求女兒的成績、管控女兒的交友、電話監控女兒行蹤、打女兒，要女兒努力賺錢，「把自己當作一台機器」。種種扭曲的行為促使女兒們陸續逃離。</p><p>過往在文學作品中，對於家的主題，女性的書寫往往根著於家庭，歸向家庭，而同志書寫則是逃離家庭。近幾年看到的轉變卻是如郭強生、謝凱特對家庭羈絆的書寫，陳雪、陳怡如、瞿欣怡對成家的私密紀錄，同志書寫中歸返家庭的脈絡愈顯，或也對應近年「多元成家」的訴求。而女性散文除了更加著重於親職書寫與飲食書寫（這在近年女性詩人尤為明顯），也有一條<strong>由於受傷而背離的路線</strong>，<strong>或女性主體自覺的視界於焉展開</strong>，如周芬伶、鍾文音、張惠菁、柯裕棻等，張馨潔亦是。</p><p>由於恐懼與無法負荷，作者選擇逃離，但身為長女又促使她去承擔各種放不下的心緒，因此在文中，作者不停藉由夢境來揭開母女之間既想靠近又不斷疏離的情況，比如離家後，「我習慣在睡前想想母親，每當入夢她便前來相聚」（〈一個人的紀年〉），「好長一段時間，夢境取代了真實的生活，閉上眼我追悔與經驗，所有與母親之間無法遺忘的時光」（〈棲止與塵埃〉），「你再也快樂不起來，你經常在夢裡聽見她的聲音，母親高亢又尖銳的聲音，給你始終好不了的心悸驚惶」（〈鵝黃色的光〉）。</p><p>但現實中擱置未解決的一切，又在夢中捲土重來，「夢裡我跟妹妹幾次抱著贖罪的心情踏上台階回家」（〈一個人的紀年〉），或在夢中「祈求原諒」，又或者「與母親的夢境相連，她夢見自己沉在水中，而我立在岸旁冷眼相看。」（〈棲止與塵埃〉）然而虛實之間，她既想模糊界限，卻又清晰記得：「或許我真的是不適合離家的人，才會把每一次的遷徙清楚的記下。」（〈挖掘的練習〉）、「更多的傷，我們將它放在原處，等待它有一天變得無足輕重，或等待有一天我們能走得離它更遠」（〈光芒萬丈的輕盈——寫給Q〉），因此懸置或退而求其次成為她的領悟，在〈檸檬塔皮之役〉中，她寫道：「次級的味道才好，香精築成的虛擬世界比真實世界動人。」彷彿是對真實與夢境的一次辯證。</p>', 'http://localhost:5000/images/blog/20200703221118.jpg', '', '2020-02-08 22:11:22', '2020-07-09 13:18:50'),
(14, 5, NULL, '家的修辭與補述：《卸殼》', 5, '<figure class=\'image\'><img src=\'http://localhost:5000/images/blog/20200703221537.jpg\'></figure><p>沙特說：「沒有為自己而寫作這回事」，所以懺情、自傳、回憶、自剖其實都是自我的再造，更明確地說，是通過人我關係的修辭與補述來建構自我。<strong>江佩津的《卸殼》把自剖放在了明處，看似預告了一場錐心泣血的獨白，但其實她只是以對「家」的探問，倒帶式地描述了成長過程中的斷裂與空白，是如何為自己長出了堅硬的外殼並同時填補了血肉。</strong></p><p>「家」是最小的社會單位，它是個體與他人建立的最初始也最親密關係的場域，它既是一個封閉獨特的生活型態，卻又無可避免地與社會現實互涉依存。作為傳統文化父權中經濟與對外關係的主要支配者，父親（列祖列宗們）一直是巨大的存在。無論是白先勇《孽子》裡逃離、被棄，為「肖父承志」的父權脈絡驅逐的兒子們，還是王文興《家變》中藉尋父的道德意涵揭示父子間權力場域的伊底帕斯情結。家顯然是捏塑共同的生活習性，卻又不斷與個體意識和需求衝突，一個抽象又具體、緊密又疏離的存在。如果說父與子是家庭中裂解共生的權力替代，那父女或母女的關係就在性別處境與女性自我完成的情感歷程中，脫除了單一話語的權力意識。《卸殼》即是這樣一部以女性感知的多元話語為家修整重建進而自我完成的作品。</p><p>死亡無疑是這本散文集的起點，父親的工殤意外與母親的自殺，生命看似不自然的中止形成了一個巨大的破口，開啟了作者對於親子關係的梳理與想像。〈我的賭徒阿爸〉、〈站前大飯店〉與〈不在的父親：勞動者的□□〉，缺席且掠奪家庭幸福感的父親，因為「不在」反而成為心理上追隨想望的理想父親原型，那不是權力替代的需求，而是為理想的父鋪陳繁衍出的華麗存在。由於沒有足夠的記憶去描摹親子間的關係，這以勞動之姿死亡的父親唯一形象，這一個個有待填入面孔、身體、聲音的□□，對話的欠缺、回憶的闕如，便成為運用修辭以增生繁複、自我說服的線索。拉岡認為父親是中介母親與孩子之間想像的二元關係，是孩子得以進入社會性的存在。而想像父親（The imaginary father）作為一種心像（imago）則是主體在幻見中環繞著父親形象所建立起來的各種想像建構物的合成。無論以保護者還是掠奪者的形象出現，都具有心理上的全能意涵。是以在這些篇章裡，身為一位長期關注勞動者社會運動的作者，便用刻意斷裂的敘事搬演和戛然而止的結局安排，修辭隱喻地試圖捍衛父的尊嚴與價值。即便這手法實則並未真正演繹出父親的位價且更多地導向了社會意識和批判，但略帶生硬的文學話語，反而充分呼應了作者社會身分與行動意志的冷靜形象——那個因父立志的外殼成因。</p>', 'http://localhost:5000/images/blog/20200703221537.jpg', '', '2020-02-09 22:15:43', '2020-07-09 13:18:46'),
(23, 63, NULL, 'Yamicook - 消魂港式點心！', 4, '<p>腸粉（粵語簡稱拉腸或者腸粉），是一種使用米漿作成的廣東食品，外表是一條卷狀物，以布拉成的稱為布拉腸粉，沒有布拉的稱手拉腸粉。</p><p>這堂課要教大家做布拉腸粉，用完美比例的粉漿，簡易器具，餐廳的做法在家做低失敗率，還有獨特醬汁，可運用在蒸魚喔！</p><p>&nbsp;</p><figure class=\'image\'><img src=\'http://localhost:5000/images/blog/20200709105931.jpg\'></figure>', 'http://localhost:5000/images/blog/20200709105931.jpg', '', '2020-02-20 10:59:34', '2020-07-09 13:18:36'),
(24, 63, NULL, '甘杯甜點料理室 - 歐式鹹派料理課', 4, '<p>甘杯家的招牌鹹派，先在底層預烤好一層派底後，任憑各種餡料在裡頭與蛋液一同倘佯。既能當開胃前菜，也可以當正餐食用，烘烤後熱熱地吃非常美味，天氣熱時搭上沙拉化身冷盤也照樣合適！</p><p>這麼經典的料理，跟著老師學起來，在家也能當大廚隨時宴客～</p><figure class=\'image\'><img src=\'http://localhost:5000/images/blog/20200709105831.jpg\'></figure>', 'http://localhost:5000/images/blog/20200709105831.jpg', '', '2020-02-23 10:58:33', '2020-07-09 13:18:30'),
(25, 63, NULL, '追尋記憶的味道', 1, '<figure class=\'image\'><img src=\'http://localhost:5000/images/blog/20200709104750.jpg\'></figure><p>當時為了那次旅行我做了好幾個月的攻略，恨不得把所有能去的地方都勾在自己的計畫清單裡。想必第一次計畫旅行的人可能都有過相同的感受吧。<br><br>雖然現在我已經走過、生活過很多個國家和城市，但至今我都記得那次旅行臨行前一晚我家下起了鵝毛大雪，一個晚上都在擔心飛機無法起飛的心境、落地&nbsp;澳門&nbsp;帶著我媽媽在&nbsp;澳門&nbsp;機場兜兜轉轉時興奮、吃到&nbsp;澳門&nbsp;魚蛋&nbsp;香港&nbsp;雲吞時的驚喜、學了半年的&nbsp;廣東&nbsp;話。</p><p>&nbsp;</p><p>在海港城逛到夜幕降臨去廟街吃大排檔或者到旺角尋找各種小吃再好不過了。上回來&nbsp;香港&nbsp;，覺得肥姐小食店旁邊的椰汁大王超級超級好喝，椰奶香味濃郁&nbsp;，後來才知道原來椰汁大王也算是網紅店了，不過&nbsp;這次再喝卻覺得比較一般，不知道是他的口味變了，還是隨著我們經歷的越來越多，吃到的東西也越來越多導致的，有時候總說一些老店不是小時候吃到的味道了，可能真的不是他的口味變了，而是我們自己的口味變了。</p><p>&nbsp;</p><p>早餐就在蓮香樓解決的，說到蓮香樓在這裡就要說上幾句了，本來我是不想來蓮香樓的，因為聽說很貴而且也沒有很好吃，其實是這樣沒錯的，對於早茶而言，隨便找一個不知名的酒樓來的都要比蓮香樓幸福。可最終還是決定來嘗一下，畢竟大家對於他的評價褒貶不一，而且這裡可以感受到最傳統的早茶方式（阿姨推著車出來食客自由挑選，並且部分熱門點心要靠搶的），還有就是聽說傳統的馬拉糕很好吃？</p>', 'http://localhost:5000/images/blog/20200709104750.jpg', '', '2020-02-24 14:37:26', '2020-07-09 13:18:23'),
(26, 60, NULL, '野營 x 獨木舟海灣之旅', 4, '<p>想體驗在無光害的環境下享受星空露營 + 海上看日出的獨木舟體驗嗎？一起划戶外運動工作室推出東澳野營 + 烏岩角獨木舟輕旅行，讓您一次體驗兩種行程！</p><p>&nbsp;</p><p>宜蘭東澳為蘇花公路南下的第一個休息點，素來以美麗的東澳灣及粉鳥林豐富的魚貨著稱，在夏天海況穩定的季節，這裡也是體驗獨木舟活動的絕佳場域。 此趟一泊二食的露營行程，您將在最自然的場地中露營，在無光害的環境下享受星空與月光。</p><p>&nbsp;</p><figure class=\'image\'><img src=\'http://localhost:5000/images/blog/20200709104558.jpg\'></figure>', 'http://localhost:5000/images/blog/20200709104558.jpg', '', '2020-02-27 10:46:04', '2020-07-09 13:18:13'),
(27, 63, NULL, '寨酌然野奢庄園，一場度假般的露營享受！', 4, '<p>緊鄰關刀山和鯉魚潭的<strong>寨酌然野奢庄園</strong>，位處於山水環抱的絕佳位置，讓您一入園就開始享受山林的芬多精！四季宜人、舒適清新，不同季節更是有不同的風采面貌。</p><p>&nbsp;</p><figure class=\'image\'><img src=\'http://localhost:5000/images/blog/20200709104917.jpg\'></figure>', 'http://localhost:5000/images/blog/20200709104917.jpg', '', '2020-03-06 10:49:19', '2020-07-09 13:18:07'),
(28, 63, NULL, '澎湖絕美星空夜，浪漫無人島露營', 4, '<p>珊瑚礁旅遊隆重推出全國獨有行程－浪漫無人島露營，全程讓專業教練帶領進行體驗活動，讓您拋下俗世的煩憂，在人跡罕至的無人島上享受絕無僅有的舒適高質感露營！</p><figure class=\'image\'><img src=\'http://localhost:5000/images/blog/20200709105011.jpg\'></figure>', 'http://localhost:5000/images/blog/20200709105011.jpg', '', '2020-03-09 10:50:15', '2020-07-09 13:18:00'),
(29, 63, NULL, '西拉岸步道一日遊：秘境探幽部落行，山風徐徐古道情', 4, '<p>西拉岸古道，就藏在太魯閣長春祠的對岸，一個幾乎被遺忘的古道，連入口都不容易尋找到，是秘境也是早期原住民的對外交通要道，整條古道不曾修築，保留了最原始的狀態。</p><p>終點是個山頂平台，曾經有&nbsp;30 餘戶居民，已超過 30 年無住民，沿途可看到太平洋、長春祠、寧安橋，山上生態豐富，當你健行其中將感受到綿延不絕的蟲鳴鳥叫，途中有一秘境洞穴，山風從洞口灌出終年不絕，熱了可以在此消暑，也可入洞探險。</p><p>&nbsp;</p><figure class=\'image\'><img src=\'http://localhost:5000/images/blog/20200709105136.jpg\'></figure>', 'http://localhost:5000/images/blog/20200709105136.jpg', '', '2020-03-10 10:51:38', '2020-07-09 13:17:52'),
(30, 63, NULL, '淡蘭古道北路｜金字碑古道至大粗坑古道', 4, '<p><strong>「淡蘭古道」顧名思義是淡水廳到噶瑪蘭廳之間往來的道路。</strong></p><p>是清代嘉慶年間設立的，起初是由吳沙率員開墾噶瑪蘭，之後由楊廷理改道修建。這次前往淡蘭古道北路猴硐金字碑古道段，連走大粗坑古道 O 型健行。</p><p>金字碑古道，又稱三貂嶺古道，為昔日淡水廳與噶瑪蘭廳的官道之一。</p><figure class=\'image\'><img src=\'http://localhost:5000/images/blog/20200709105545.jpg\'></figure>', 'http://localhost:5000/images/blog/20200709105545.jpg', '', '2020-03-18 10:55:47', '2020-07-09 13:17:48'),
(33, 63, NULL, '著迷那片寶石藍，回味那些美好', 4, '<p>我們定了大概往返的時間，5月就買了東方航空的機票，只要1560元，直到8月機票也沒太大變動，所以近距離的提前一個月買</p><p>&nbsp;</p><figure class=\'image\'><img src=\'http://localhost:5000/images/blog/20200709110422.jpg\'></figure>', 'http://localhost:5000/images/blog/20200709110422.jpg', '', '2020-03-31 11:04:24', '2020-07-09 13:17:45'),
(35, 63, NULL, 'eye candle 香氛三合一組合 - 專屬擴香 & 按摩蠟燭 & 礦石香水', 4, '<p>總覺得平時壓力大無處緩解，想在家徹底放鬆嗎？eye candle 準備了花草精油按摩蠟燭，搭上精選芳香宜人的的四款香氛精油，加入數種乾燥花材，配上大豆蠟，回家點上它，在微微燭光下替另一半按摩，或是享受一個人沈澱的時光，生活，原來也可以如此愜意！</p><p>&nbsp;</p><figure class=\'image\'><img src=\'http://localhost:5000/images/blog/20200709110844.jpg\'></figure>', 'http://localhost:5000/images/blog/20200709110844.jpg', '', '2020-04-01 11:08:46', '2020-07-09 13:17:39'),
(36, 63, NULL, '下班手作｜鐵罐乾燥花香氛蠟燭', 4, '<p>下班後回到家，這是一個自己最能放鬆的空間，下班手作一直想讓這空間可以透過更多不同的方式，昇華到全新的維度，這一次我們帶著你，製作鐵罐乾燥花香氛蠟燭，透過香氛精油，滴在蠟燭裡面，放在居家室內，不燃燒也有著擴香的作用，即使放在不起眼的小角落，都能構成視覺嗅覺的饗宴，讓手作老師帶著你，一起手作完成，製作可以妝點自己家的收藏品</p><p>&nbsp;</p><figure class=\'image\'><img src=\'http://localhost:5000/images/blog/20200709111311.jpg\'></figure>', 'http://localhost:5000/images/blog/20200709111311.jpg', '', '2020-04-02 11:13:13', '2020-07-09 13:17:28'),
(37, 67, NULL, '天使溪踏溪行，親子生態半日遊', 4, '<p>在花蓮太平洋岸，鄰近鹽寮的山谷有一秘境，秘境裡有一人煙罕至的天使溪，溪水潺潺清澈見底，沒有人為的破壞，保持著原始森林的樣貌。</p><p>當你走在滿布樹林峽谷中清涼消暑，且含可以深入這蘊含豐富生態的自然環境，是很適合全家大小的親水活動唷！</p><figure class=\'image\'><img src=\'http://localhost:5000/images/blog/20200709111546.jpg\'></figure>', 'http://localhost:5000/images/blog/20200709111546.jpg', '', '2020-04-13 11:15:48', '2020-07-09 13:17:16'),
(38, 33, NULL, '攀岩體驗課＋黃金山稜（劍龍稜 / 鋸齒稜 / 無耳茶壺山）', 4, '<p>黃金稜線縱橫相接，這次不經台金公司的傳統路線，改採新路線，從南雅社區起登，上至石梯坑稜線，溯過半屏溪拉繩上至小錐麓古道，延亂石上至劍龍稜，印入眼前的絕佳展望，壯闊的裸露岩石恆更眼前，右下方是垂直的山崖，左邊是傾斜的山壁，常常需要拉繩並游走在峭壁岩稜上，必須小心通過，<strong>對有懼高症的人請慎思！</strong></p><figure class=\'image\'><img src=\'http://localhost:5000/images/blog/20200709111734.jpg\'></figure>', 'http://localhost:5000/images/blog/20200709111734.jpg', '', '2020-04-21 11:17:35', '2020-07-09 13:17:08'),
(39, 63, NULL, '六大基酒調酒課，18 款經典雞尾酒一起學！', 4, '<p>基酒，調酒的基底，也是一杯雞尾酒中最主要的材料。此課程將帶著新手學員們更具系統性了解<strong>『六大基酒』：Vodka 伏特加</strong>、<strong>Gin 琴酒</strong>、<strong>Rum 蘭姆酒</strong>、<strong>Tequila 龍舌蘭</strong>、<strong>Whiskey 威士忌</strong>、<strong>Brandy 白蘭地</strong>，除了用雙眼認識酒標，當然還有大家最期待的，親手調製 3 杯該款基酒的經典調酒，“親口” 品味其歷久彌新的風華滋味。</p><p>&nbsp;</p><figure class=\'image\'><img src=\'http://localhost:5000/images/blog/20200709110649.jpg\'></figure><p>&nbsp;</p><p>&nbsp;</p>', 'http://localhost:5000/images/blog/20200709110649.jpg', '', '2020-04-29 11:06:52', '2020-07-09 13:17:03'),
(40, 63, NULL, '符號中的無盡想像力', 1, '<p>當我和其他人聊起這個回憶時，許多人都不約而同地分享了類似的體驗。當我們還是孩子時，彷彿都有無盡的想像力，能夠用以補足真實世界所缺乏的生命力與活力，讓每一件事物看起來都更加生動有趣。</p><p>如果你有時間，可以找個有兒童遊樂場、小攀岩台等設施的公園，在旁邊坐一個下午，認真觀察。你會聽到孩子們開心的笑聲，他們從溜滑梯上滑下，馬上又興奮地爬上小攀岩台；你會看到孩子們玩著猜拳，決定誰當鬼，用遊樂場上的器材當作冒險場景，玩著「路克與達斯維達」的追逐遊戲，或是「安娜與艾莎」的冰雪歷險。與我們這些「大人」不同，他們彷彿有著自己看待世界的方法和用不盡的想像力，地板可以變成海洋、岩漿、沙漠或外太空，想像力帶他們到世界上任一個角落。在法國名著<strong>《小王子》（The Little Prince）</strong>中，主角小王子畫的一張塗鴉，在大人眼裡怎麼看都像是一頂帽子，但在小王子眼中卻是一條吞了大象的蛇。作者也許用此諷刺成人的世界如此枯燥，需要額外的解釋才能看懂孩童心裡的想像。</p><figure class=\'image\'><img src=\'http://localhost:5000/images/blog/20200709113232.jpg\'></figure>', 'http://localhost:5000/images/blog/20200709113232.jpg', '', '2020-04-30 11:32:34', '2020-07-09 13:16:59'),
(41, 6, NULL, '和你一起看海的眼睛，是我《還想浪費一次的風景》', 1, '<p>幾天前，室友和我說他想去刺青，這一年在加州的生活太特別了，想要留下些永遠的什麼。更年輕的時候，我對刺青的觀感不太好，剛好自己的皮膚容易過敏，便認為從此將與刺青絕緣；這幾年，刺青變得更普遍些，對於刺青的想法也從叛逆的符碼轉變成一種以身體為畫布的藝術。</p><p>在課堂上和同學隨意地聊天，他說起他會在自己的工作室幫朋友刺青，若是我願意的話，他很榮幸為我和室友刺下人生的第一個刺青。 回去和室友討論之後，我們決定在各自的上臂內側，刺上一樣的加州罌粟花，他的在左手、我的在右手。加州罌粟花的花語是希望和重生， 我們認為很適合作為我們一起生活的註解，也是不能忘記彼此的小小約定。</p><p>&nbsp;</p><figure class=\'image\'><img src=\'http://localhost:5000/images/blog/20200709113421.jpg\'></figure>', 'http://localhost:5000/images/blog/20200709113421.jpg', '', '2020-05-01 13:16:45', '2020-07-09 13:16:51'),
(42, 60, NULL, '錐麓古道一日遊，欣賞絕美壯麗的斷崖峽谷', 4, '<p>想要來一趟不虛此行的壯麗峽谷探索嗎？</p><p>跟著 Kelly Lee 的腳步，走進台灣僅有的神彫峽谷，</p><p>欣賞鬼斧神工美景、拜訪動植物生態，跟著 Kelly Lee 自然由你玩。</p><p>&nbsp;</p><h4><strong>探訪太魯閣「錐麓古道」一日遊</strong></h4><p>&nbsp;</p><figure class=\'image\'><img src=\'http://localhost:5000/images/blog/20200709114511.jpg\'></figure><p>&nbsp;</p><h3><strong>古道介紹&nbsp;</strong></h3><p>&nbsp;</p><p>錐麓古道是「合歡越嶺古道」殘存的遺跡，也是太魯閣國家公園境內唯一的史蹟保存區，高度落差約達 500 ~ 600 公尺，形成公園內最壯麗的景觀。全程共計 10.3 公里，目前僅開放 3.1 公里，即錐麓吊橋至斷崖駐在所 ( 東進東出 )。</p><p>古道是早期原住民在斷崖峭壁中修建的對外聯絡道路，這條道路有些路段只能一人行走，驚險程度相當高。古道中留存了眾多日本時期的遺跡，而因古道海拔較高，沿途植物及動物多屬溫帶動植物生態，行走其間能觀察到多樣化的生態景觀，當然壯闊的峽谷景觀是絕對不能錯過的！</p><p>&nbsp;</p><figure class=\'image\'><img src=\'http://localhost:5000/images/blog/20200709114601.jpg\'></figure><h3>&nbsp;</h3><h3><strong>體驗內容</strong></h3><p>&nbsp;</p><ol><li>體驗險峻斷崖古道，欣賞壯麗峽谷</li><li>行程導覽，親身了解錐麓古道過去歷史</li><li>沿途生態教學，觀賞動植物的同時享受大自然芬多精</li><li>在歷史古蹟裡享用餐點、點心</li><li>由領隊協助拍照，在欣賞美景的同時留下美好的回憶</li><li>參與活動期間交上一同體驗活動的新朋友無價</li></ol><p>&nbsp;</p><figure class=\'image\'><img src=\'http://localhost:5000/images/blog/20200709114713.jpg\'></figure>', 'http://localhost:5000/images/blog/20200709114511.jpg', '', '2020-06-10 11:47:35', '2020-07-09 13:26:40');

-- --------------------------------------------------------

--
-- 資料表結構 `article_comment`
--

CREATE TABLE `article_comment` (
  `commentId` int(11) NOT NULL COMMENT '文章評論ID',
  `articleId` int(11) NOT NULL COMMENT '文章ID',
  `memberId` int(11) NOT NULL COMMENT '會員ID',
  `commentContent` text COLLATE utf8mb4_unicode_ci NOT NULL,
  `commentParentId` int(11) NOT NULL COMMENT '上層評論編號',
  `created_at` datetime NOT NULL DEFAULT current_timestamp() COMMENT '建立時間',
  `updated_at` datetime NOT NULL DEFAULT current_timestamp() ON UPDATE current_timestamp() COMMENT '更新時間'
) ENGINE=InnoDB DEFAULT CHARSET=utf8mb4 COLLATE=utf8mb4_unicode_ci;

--
-- 傾印資料表的資料 `article_comment`
--

INSERT INTO `article_comment` (`commentId`, `articleId`, `memberId`, `commentContent`, `commentParentId`, `created_at`, `updated_at`) VALUES
(1, 3, 60, 'comcomcomcomc', 0, '2020-07-05 17:15:38', '2020-07-05 17:45:13'),
(2, 5, 60, 'fddbbxcvbcvbcvbcbv', 0, '2020-07-05 17:41:11', '2020-07-05 17:45:01'),
(3, 15, 60, 'postcommentddd', 0, '2020-07-06 00:21:38', '2020-07-06 00:21:38'),
(4, 3, 60, '2165156165165', 0, '2020-07-06 01:05:54', '2020-07-06 01:05:54'),
(5, 3, 60, '實驗跳轉', 0, '2020-07-06 01:07:11', '2020-07-06 01:07:11'),
(6, 1, 60, '第一篇文章不能沒有評論', 0, '2020-07-06 01:07:55', '2020-07-06 01:07:55'),
(7, 9, 63, '555', 0, '2020-07-06 15:49:12', '2020-07-06 15:49:12'),
(8, 5, 60, 'fgdg ggfdgfgdg', 0, '2020-07-06 16:36:49', '2020-07-06 16:36:49'),
(9, 2, 63, '我也要當網美', 0, '2020-07-06 16:52:09', '2020-07-06 16:52:09'),
(10, 4, 60, 'ggg', 0, '2020-07-08 11:48:48', '2020-07-08 11:48:48'),
(11, 5, 60, 'ff\n', 0, '2020-07-08 11:50:15', '2020-07-08 11:50:15'),
(12, 5, 69, '2222', 0, '2020-07-08 11:51:10', '2020-07-08 11:51:10'),
(13, 7, 67, 'I like Adam\'s post so much!', 0, '2020-07-08 12:15:28', '2020-07-08 12:15:28'),
(14, 1, 60, '第一篇文章不能只有一則評論', 0, '2020-07-08 14:14:10', '2020-07-08 14:14:10'),
(15, 1, 60, '發個評論好了', 0, '2020-07-08 14:16:35', '2020-07-08 14:16:35'),
(16, 22, 60, '測試用評論', 0, '2020-07-08 18:53:36', '2020-07-08 18:53:36'),
(17, 42, 63, '這古道景色看起來真棒，有空我也想去', 0, '2020-06-15 13:14:10', '2020-07-09 13:20:35'),
(18, 42, 63, '132132132', 0, '2020-07-09 14:51:35', '2020-07-09 14:51:35'),
(19, 42, 63, '1321', 0, '2020-07-10 10:05:58', '2020-07-10 10:05:58');

-- --------------------------------------------------------

--
-- 資料表結構 `category`
--

CREATE TABLE `category` (
  `categoryId` int(10) NOT NULL COMMENT '類別編號',
  `categoryName` varchar(15) COLLATE utf8mb4_unicode_ci NOT NULL COMMENT '類別名稱',
  `categoryParentId` int(10) NOT NULL COMMENT '上層編號',
  `created_at` datetime NOT NULL DEFAULT current_timestamp() COMMENT '建立時間',
  `updated_at` datetime NOT NULL DEFAULT current_timestamp() COMMENT '更新時間'
) ENGINE=InnoDB DEFAULT CHARSET=utf8mb4 COLLATE=utf8mb4_unicode_ci;

--
-- 傾印資料表的資料 `category`
--

INSERT INTO `category` (`categoryId`, `categoryName`, `categoryParentId`, `created_at`, `updated_at`) VALUES
(1, '文藝展覽', 0, '2020-06-22 15:54:49', '2020-06-22 15:54:49'),
(2, '手作課程', 0, '2020-06-22 15:55:15', '2020-06-22 15:55:15'),
(3, '精油香氛', 2, '2020-06-22 15:59:29', '2020-06-22 15:59:29'),
(4, '植感花藝', 2, '2020-06-22 15:59:29', '2020-06-22 15:59:29'),
(5, '浪漫金工', 2, '2020-06-22 16:01:07', '2020-06-22 16:01:07'),
(6, '手作皮革', 2, '2020-06-22 16:01:07', '2020-06-22 16:01:07'),
(7, '木作雕刻', 2, '2020-06-22 16:01:07', '2020-06-22 16:01:07'),
(8, '畫廊/藝文空間', 1, '2020-06-22 18:25:55', '2020-06-22 18:25:55'),
(9, '美術館/博物館', 1, '2020-06-22 18:29:34', '2020-06-22 18:29:34'),
(10, '文化單位/機關', 1, '2020-06-22 18:29:34', '2020-06-22 18:29:34'),
(11, '展演活動', 1, '2020-06-22 18:29:34', '2020-06-22 18:29:34');

-- --------------------------------------------------------

--
-- 資料表結構 `comments`
--

CREATE TABLE `comments` (
  `commentId` int(11) NOT NULL COMMENT '流水號',
  `content` text COLLATE utf8mb4_unicode_ci DEFAULT NULL COMMENT '內容',
  `star` tinyint(1) NOT NULL COMMENT '評分',
  `itemListId` int(11) NOT NULL COMMENT '訂單商品編號',
  `created_at` datetime NOT NULL DEFAULT current_timestamp() COMMENT '新增時間',
  `updated_at` timestamp NOT NULL DEFAULT current_timestamp() ON UPDATE current_timestamp(),
  `commentImg` varchar(110) COLLATE utf8mb4_unicode_ci NOT NULL COMMENT '評論圖片',
  `commentImg1` varchar(110) COLLATE utf8mb4_unicode_ci NOT NULL COMMENT '評論圖片1',
  `commentImg2` varchar(110) COLLATE utf8mb4_unicode_ci NOT NULL COMMENT '評論圖片2',
  `commentImg3` varchar(110) COLLATE utf8mb4_unicode_ci NOT NULL COMMENT '評論圖片3'
) ENGINE=InnoDB DEFAULT CHARSET=utf8mb4 COLLATE=utf8mb4_unicode_ci COMMENT='評論';

--
-- 傾印資料表的資料 `comments`
--

INSERT INTO `comments` (`commentId`, `content`, `star`, `itemListId`, `created_at`, `updated_at`, `commentImg`, `commentImg1`, `commentImg2`, `commentImg3`) VALUES
(61, 'I can’t but share my grievances against Klook service received in Oct 2019 and sincerely wish all wh', 5, 102, '2020-05-05 12:57:24', '2020-05-05 04:57:24', '11', '1', '3', '3'),
(62, 'I can’t but share my grievances against Klook service received in Oct 2019 and sincerely wish all who read my comment can think twice before considering Klook.\r\n\r\nI’ve booked the tour of “Hitachi National Seaside Park and Mito Kairakuen Park Trip from Tokyo” expected to be held on 13 Oct.  To ensure timely arrival at the meet up point at 7:30am on the tour day, my mum (aged 87), my husband and I paid a site visit there on 10 Oct to get ourselves familiarized with the transport and know the exact travelling time.', 3, 101, '2020-05-05 12:59:08', '2020-05-05 04:59:08', '11', '2', '3', '3'),
(64, '如標題，從講解作法到實際操作老師都在旁邊協助，有不順的地方老師都會提醒，老師滿細心的，希望手拉胚的體驗時間可以再加長一點，有點不過癮XD\r\n\r\n如標題，從講解作法到實際操作老師都在旁邊協助，有不順的地方老師都會提醒，老師滿細心的，希望手拉胚的體驗時間可以再加長一點，有點不過癮XD\r\n\r\n如標題，從講解作法到實際操作老師都在旁邊協助，有不順的地方老師都會提醒，老師滿細心的，希望手拉胚的體驗時間可以再加長一點，有點不過癮XD\r\n\r\n', 5, 103, '2020-05-05 16:34:45', '2020-05-05 08:34:45', '22', '1', '3', '3'),
(74, 'ㄋsss', 0, 99, '2020-07-01 15:15:25', '2020-07-01 07:15:25', '0', '0', '0', '0'),
(75, 'd', 0, 104, '2020-07-01 15:17:02', '2020-07-01 07:17:02', '0', '0', '0', '0'),
(78, '老師很用心，即使不會、做不好都會手把手的教\r\n\r\n老師很親切、有耐心的教導大家如何操作，但是從沒手拉胚經驗的光用聽的感覺很簡單，真得下去操作還是發現有難度，不過不管怎樣，老師們都會很有耐心的協助，絕對會幫學員們完成作品，適合親子、情侶、家人、好友們一起來。結束後還可以在老街逛逛，欣賞一下老街風情。\r\n\r\n', 4, 107, '2020-07-01 15:51:26', '2020-07-01 07:51:26', '0', '0', '0', '0'),
(79, '老師很親切，環境也很棒，防疫期間也有量體溫，並做好消毒，真的是個很有趣的行程\r\n\r\n', 4, 108, '2020-07-01 15:52:08', '2020-07-01 07:52:08', '0', '0', '0', '0'),
(81, '老師很親切、有耐心的教導大家如何操作，但是從沒手拉胚經驗的光用聽的感覺很簡單，真得下去操作還是發現有難度，不過不管怎樣，老師們都會很有耐心的協助，絕對會幫學員們完成作品，適合親子、情侶、家人、好友們一起來。結束後還可以在老街逛逛，欣賞一下老街風情。\r\n\r\n', 4, 111, '2020-07-01 15:55:01', '2020-07-01 07:55:01', '0', '0', '0', '0'),
(82, '店員會詳細說明，服務親切，陶土無限供應，可惜燒陶完後的色彩過少\r\n\r\n', 4, 110, '2020-07-01 16:58:56', '2020-07-01 08:58:56', '0', '0', '0', '0'),
(83, '老師都非常親切也很有耐心的教導帶領著我們，環境也很乾淨，我們做好就會馬上清理，不會感覺很亂很髒，很值得下次再去做。\r\n\r\n', 5, 112, '2020-07-01 16:59:13', '2020-07-01 08:59:13', '0', '0', '0', '0'),
(84, '很好玩，老師也很nice，就算沒做過也能有很棒的體驗！\r\n\r\n', 4, 114, '2020-07-01 17:01:35', '2020-07-01 09:01:35', '0', '0', '0', '0'),
(85, 'ssss', 2, 113, '2020-07-01 20:37:35', '2020-07-01 12:37:35', '0', '0', '0', '0'),
(86, '環境舒服 很有學習氛圍（不認識） 希望成品會成功～\r\n\r\n', 4, 115, '2020-07-01 20:38:04', '2020-07-01 12:38:04', '0', '0', '0', '0'),
(88, '23555555555555555555', 0, 117, '2020-07-01 21:07:34', '2020-07-01 13:07:34', '0', '0', '0', '0'),
(89, 'sss', 0, 118, '2020-07-01 21:08:01', '2020-07-01 13:08:01', '0', '0', '0', '0'),
(90, 'ssssssssssssssssssssssssssc', 0, 119, '2020-07-01 21:13:12', '2020-07-01 13:13:12', '0', '0', '0', '0'),
(91, 'sgsdg', 2, 120, '2020-07-01 21:14:04', '2020-07-01 13:14:04', '0', '0', '0', '0'),
(92, 'ㄎddddddddddddddd', 0, 121, '2020-07-01 22:11:21', '2020-07-01 14:11:21', '0', '0', '0', '0'),
(93, 'sssshhhdgdfgf', 0, 122, '2020-07-01 22:22:32', '2020-07-01 14:22:32', '0', '0', '0', '0'),
(95, 'ssㄖnnnnnnnnnnnnnnnnnnn', 2, 124, '2020-07-01 22:45:12', '2020-07-01 14:45:12', '0', '0', '0', '0'),
(97, '男老師們都超細心又貼心❤️ 自己做的陶土永遠都是歪一邊 歪的就算了還不小心轉太快陶土飛走四處噴濺弄的臉跟衣服都是土 幸好有位溫柔又知性的眼鏡小哥哥來拯救我那走得太前面的藝術作品 玩的很開心～～兩個月後就可以去領燒好的作品囉！\r\n\r\n', 4, 126, '2020-07-03 16:11:53', '2020-07-03 08:11:53', '0', '0', '0', '0'),
(98, 'zzz', 2, 127, '2020-07-03 16:12:05', '2020-07-03 08:12:05', '0', '0', '0', '0'),
(100, 'ddddd室內進行比較不受天氣的影響！大人小孩都玩得很開心！完成的成品非常有質感！\r\n\r\n', 4, 129, '2020-07-03 16:16:15', '2020-07-03 08:16:15', '0', '0', '0', '0'),
(101, '老師們很有耐心！過程也很流暢，東西還可以帶回家\r\n', 4, 130, '2020-07-03 16:17:37', '2020-07-03 08:17:37', 'commentImg_130.png', '', '', ''),
(102, 'ss', 1, 131, '2020-07-03 16:19:26', '2020-07-03 08:19:26', 'commentImg_131.jpg', '', '', ''),
(105, 'ggg', 2, 134, '2020-07-03 16:20:55', '2020-07-03 08:20:55', 'commentImg_134.png', '', '', ''),
(106, 'sss', 2, 135, '2020-07-03 16:33:48', '2020-07-03 08:33:48', 'commentImg_135.png', '', '', ''),
(107, 'sss', 2, 136, '2020-07-03 16:38:07', '2020-07-03 08:38:07', 'commentImg_136.png', '', '', ''),
(108, '老師和工作人員都十分親切，環境也很乾淨明亮，手捏陶好玩！！ 價格也很實惠，有機會還會再去，非常推薦給大家！\r\n\r\n壞境好、老師有趣又親切，會手把手的教，很棒的一個體驗😁\r\n\r\n', 5, 137, '2020-07-03 16:38:54', '2020-07-03 08:38:54', 'commentImg_137.png', '', '', ''),
(109, 'sss', 2, 138, '2020-07-03 16:55:24', '2020-07-03 08:55:24', 'commentImg_138.png', '', '', ''),
(112, 'ㄖㄑ', 2, 141, '2020-07-06 11:45:10', '2020-07-06 03:45:10', 'commentImg_141.jpg', '', '', ''),
(113, '', 0, 423, '2020-07-06 14:36:41', '2020-07-06 06:36:41', '', '', '', ''),
(114, '', 0, 424, '2020-07-06 14:57:42', '2020-07-06 06:57:42', '', '', '', ''),
(115, '', 0, 425, '2020-07-06 14:59:03', '2020-07-06 06:59:03', '', '', '', ''),
(116, '', 0, 427, '2020-07-06 14:59:03', '2020-07-06 06:59:03', '', '', '', ''),
(117, '', 0, 426, '2020-07-06 14:59:03', '2020-07-06 06:59:03', '', '', '', ''),
(118, '', 0, 428, '2020-07-06 14:59:03', '2020-07-06 06:59:03', '', '', '', ''),
(119, '超級棒的', 2, 415, '2020-07-06 15:06:27', '2020-07-06 07:06:27', 'commentImg_415.png', '', '', ''),
(120, 'ssss', 3, 416, '2020-07-06 15:11:25', '2020-07-06 07:11:25', 'commentImg_416.png', '', '', ''),
(121, 'ss', 3, 417, '2020-07-06 15:11:32', '2020-07-06 07:11:32', 'commentImg_417.png', '', '', ''),
(122, 'ssss', 0, 418, '2020-07-06 15:11:38', '2020-07-06 07:11:38', 'commentImg_418.png', '', '', ''),
(123, 'sss', 2, 419, '2020-07-06 15:11:42', '2020-07-06 07:11:42', 'commentImg_419.png', '', '', ''),
(124, 'ss', 3, 420, '2020-07-06 15:11:47', '2020-07-06 07:11:47', 'commentImg_420.png', '', '', ''),
(125, ';lll', 3, 421, '2020-07-06 15:14:47', '2020-07-06 07:14:47', 'commentImg_421.png', '', '', ''),
(126, 'ppppppppppp', 2, 422, '2020-07-06 15:14:56', '2020-07-06 07:14:56', 'commentImg_422.png', '', '', ''),
(127, '', 0, 429, '2020-07-06 15:17:02', '2020-07-06 07:17:02', '', '', '', ''),
(128, 'testttttttttttttt', 5, 430, '2020-07-06 15:17:02', '2020-07-06 07:17:02', '12.jpg', '', '', ''),
(129, '', 0, 431, '2020-07-06 15:38:36', '2020-07-06 07:38:36', '', '', '', ''),
(130, 'ssssssssssssssssssssflower', 2, 432, '2020-07-06 16:07:55', '2020-07-06 08:07:55', 'commentImg_432.jpg', '', '', ''),
(131, 'ssssssssssssssssssssflower', 2, 432, '2020-07-06 16:09:05', '2020-07-06 08:09:05', 'commentImg_432.jpg', '', '', ''),
(132, 'ssssssssssssssssssssflower', 2, 432, '2020-07-06 16:09:45', '2020-07-06 08:09:45', 'commentImg_432.jpg', '', '', ''),
(133, 'ssssssssssssssssssssflower', 2, 432, '2020-07-06 16:10:27', '2020-07-06 08:10:27', 'commentImg_432.jpg', '', '', ''),
(134, 'so beautuiful', 5, 433, '2020-07-06 16:30:01', '2020-07-06 08:30:01', 'commentImg_433.jpg', '', '', ''),
(135, NULL, 0, 434, '2020-07-06 16:36:32', '2020-07-06 08:36:32', '', '', '', ''),
(136, NULL, 0, 435, '2020-07-06 16:36:32', '2020-07-06 08:36:32', '', '', '', ''),
(137, 'xxx', 2, 436, '2020-07-06 16:39:09', '2020-07-07 06:13:42', 'commentImg_436.jpg', '', '', ''),
(138, '好厲害', 4, 434, '2020-07-06 17:32:15', '2020-07-06 09:32:15', 'commentImg_434.jpg', '', '', ''),
(139, 'sss', 2, 437, '2020-07-06 18:19:16', '2020-07-07 06:11:56', 'commentImg_437.jpg', '', '', ''),
(140, 'superb', 5, 438, '2020-07-06 18:19:16', '2020-07-07 06:12:28', 'commentImg_438.jpg', '', '', ''),
(141, 'ㄋ', 3, 439, '2020-07-07 11:39:35', '2020-07-06 16:00:00', 'commentImg_439.jpg', '', '', ''),
(142, 'ｇｏｏｄ', 4, 440, '2020-07-07 12:18:26', '2020-07-07 04:18:26', 'commentImg_440.jpg', '', '', ''),
(143, '很棒的體驗活動', 3, 441, '2020-07-07 12:18:26', '2020-07-07 04:18:26', 'commentImg_441.jpg', '', '', ''),
(144, 'ｓｓｓｓ', 2, 444, '2020-07-07 12:18:26', '2020-07-07 04:18:26', 'commentImg_444.jpg', '', '', ''),
(145, '還好', 1, 443, '2020-07-07 12:18:26', '2020-07-07 04:18:26', 'commentImg_443.jpg', '', '', ''),
(146, '好每每美诶', 2, 442, '2020-07-07 12:18:26', '2020-07-07 04:18:26', 'commentImg_442.jpg', '', '', ''),
(147, '很棒的體驗!!', 2, 445, '2020-07-07 12:20:56', '2020-07-07 04:20:56', 'commentImg_445.jpg', '', '', ''),
(148, 'ｇｏｏｄ', 4, 446, '2020-07-07 12:20:56', '2020-07-07 04:20:56', 'commentImg_446.jpg', '', '', ''),
(149, 'CP值很高!! 推薦給所有人', 5, 447, '2020-07-07 12:34:18', '2020-07-07 08:04:10', 'commentImg_447.jpg', '', '', ''),
(150, '很棒的體驗活動', 5, 448, '2020-07-07 13:05:09', '2020-07-07 08:04:16', 'commentImg_448.jpg', '', '', ''),
(151, '好好玩', 3, 449, '2020-07-07 13:20:28', '2020-07-07 05:20:28', 'commentImg_449.jpg', '', '', ''),
(152, NULL, 0, 450, '2020-07-07 14:59:56', '2020-07-07 06:59:56', '', '', '', ''),
(153, '第一次體驗花藝手做課程，老師很有耐心，會推薦給朋友: )', 5, 451, '2020-07-07 16:06:00', '2020-07-07 08:09:06', 'commentImg_451.jpg', '', '', ''),
(154, '我們選的是黑曜石精油蠟燭。服務員非常專業還有，接待員細心介紹各種精油不同之處、一流！', 3, 452, '2020-07-07 16:19:26', '2020-07-07 08:21:54', 'commentImg_452.jpg', '', '', ''),
(155, '很美的蠟燭，老師很細心，第一次做也很上手!', 2, 453, '2020-07-07 16:45:57', '2020-07-09 07:40:58', 'commentImg_453.jpg', '', '', ''),
(156, NULL, 0, 454, '2020-07-08 10:45:06', '2020-07-08 02:45:06', '', '', '', ''),
(157, NULL, 0, 455, '2020-07-08 10:45:06', '2020-07-08 02:45:06', '', '', '', ''),
(158, NULL, 0, 456, '2020-07-08 11:03:05', '2020-07-08 03:03:05', '', '', '', ''),
(159, NULL, 0, 457, '2020-07-08 11:17:08', '2020-07-08 03:17:08', '', '', '', ''),
(160, NULL, 0, 458, '2020-07-08 11:24:56', '2020-07-08 03:24:56', '', '', '', ''),
(161, NULL, 0, 459, '2020-07-08 11:33:56', '2020-07-08 03:33:56', '', '', '', ''),
(162, NULL, 0, 460, '2020-07-08 12:07:07', '2020-07-08 04:07:07', '', '', '', ''),
(163, NULL, 0, 461, '2020-07-08 12:07:25', '2020-07-08 04:07:25', '', '', '', ''),
(164, NULL, 0, 462, '2020-07-08 12:08:25', '2020-07-08 04:08:25', '', '', '', ''),
(165, NULL, 0, 463, '2020-07-08 12:13:23', '2020-07-08 04:13:23', '', '', '', ''),
(166, '老師很細心，第一次做也很上手!完成的作品送給朋友很喜歡', 0, 464, '2020-07-08 12:13:23', '2020-07-09 07:42:05', '', '', '', ''),
(167, NULL, 0, 465, '2020-07-08 12:13:23', '2020-07-08 04:13:23', '', '', '', ''),
(168, '很棒的體驗!! 推薦給朋友', 5, 466, '2020-07-08 12:33:49', '2020-07-08 04:35:14', 'commentImg_466.jpg', '', '', ''),
(169, NULL, 0, 467, '2020-07-08 12:33:49', '2020-07-08 04:33:49', '', '', '', ''),
(170, 'good~~~~', 3, 468, '2020-07-08 12:44:23', '2020-07-08 04:44:51', 'commentImg_468.jpg', '', '', ''),
(171, NULL, 0, 469, '2020-07-08 13:41:20', '2020-07-08 05:41:20', '', '', '', ''),
(172, NULL, 0, 470, '2020-07-08 13:43:03', '2020-07-08 05:43:03', '', '', '', ''),
(173, '第二次參加還是很喜歡', 5, 471, '2020-07-08 14:03:41', '2020-07-08 06:20:17', 'commentImg_471.jpg', '', '', ''),
(174, '很棒的展覽', 5, 472, '2020-07-08 14:08:51', '2020-07-08 06:18:07', 'commentImg_472.jpg', '', '', ''),
(175, '老師很細心，第一次做也很上手!', 4, 474, '2020-07-08 14:08:51', '2020-07-08 06:18:52', 'commentImg_474.jpg', '', '', ''),
(176, '完成的作品送給朋友很喜歡', 5, 475, '2020-07-08 14:08:51', '2020-07-08 06:19:18', 'commentImg_475.jpg', '', '', ''),
(177, '老師很細心，第一次做也很上手!完成的作品送給朋友很喜歡', 5, 473, '2020-07-08 14:08:51', '2020-07-09 07:40:36', 'commentImg_473.jpg', '', '', ''),
(178, '超美的   推推', 5, 476, '2020-07-08 14:14:21', '2020-07-08 06:27:09', 'commentImg_476.jpg', '', '', ''),
(179, NULL, 0, 477, '2020-07-08 14:14:21', '2020-07-08 06:14:21', '', '', '', ''),
(180, NULL, 0, 478, '2020-07-08 14:17:58', '2020-07-08 06:17:58', '', '', '', ''),
(181, '要另外收清潔費，有點貴', 3, 479, '2020-07-08 14:23:08', '2020-07-08 06:24:18', 'commentImg_479.jpg', '', '', ''),
(182, NULL, 0, 480, '2020-07-08 14:23:19', '2020-07-08 06:23:19', '', '', '', ''),
(183, NULL, 0, 481, '2020-07-08 14:29:02', '2020-07-08 06:29:02', '', '', '', ''),
(184, NULL, 0, 482, '2020-07-08 14:30:01', '2020-07-08 06:30:01', '', '', '', ''),
(185, NULL, 0, 483, '2020-07-08 14:30:52', '2020-07-08 06:30:52', '', '', '', ''),
(186, NULL, 0, 484, '2020-07-08 14:50:32', '2020-07-08 06:50:32', '', '', '', ''),
(187, NULL, 0, 485, '2020-07-08 14:50:32', '2020-07-08 06:50:32', '', '', '', ''),
(188, NULL, 0, 486, '2020-07-08 15:02:45', '2020-07-08 07:02:45', '', '', '', ''),
(189, NULL, 0, 487, '2020-07-08 15:06:24', '2020-07-08 07:06:24', '', '', '', ''),
(190, NULL, 0, 488, '2020-07-08 15:18:11', '2020-07-08 07:18:11', '', '', '', ''),
(191, NULL, 0, 489, '2020-07-08 15:21:09', '2020-07-08 07:21:09', '', '', '', ''),
(192, NULL, 0, 490, '2020-07-08 15:21:56', '2020-07-08 07:21:56', '', '', '', ''),
(193, NULL, 0, 491, '2020-07-08 15:21:56', '2020-07-08 07:21:56', '', '', '', ''),
(194, NULL, 0, 492, '2020-07-08 15:23:40', '2020-07-08 07:23:40', '', '', '', ''),
(195, NULL, 0, 493, '2020-07-08 15:29:00', '2020-07-08 07:29:00', '', '', '', ''),
(196, NULL, 0, 494, '2020-07-08 15:33:27', '2020-07-08 07:33:27', '', '', '', ''),
(197, NULL, 0, 495, '2020-07-08 15:40:01', '2020-07-08 07:40:01', '', '', '', ''),
(198, NULL, 0, 496, '2020-07-08 15:43:02', '2020-07-08 07:43:02', '', '', '', ''),
(199, NULL, 0, 497, '2020-07-08 15:56:01', '2020-07-08 07:56:01', '', '', '', ''),
(200, NULL, 0, 498, '2020-07-08 15:58:01', '2020-07-08 07:58:01', '', '', '', ''),
(201, NULL, 0, 499, '2020-07-08 15:58:19', '2020-07-08 07:58:19', '', '', '', ''),
(202, NULL, 0, 500, '2020-07-08 16:00:57', '2020-07-08 08:00:57', '', '', '', ''),
(203, NULL, 0, 501, '2020-07-08 16:05:40', '2020-07-08 08:05:40', '', '', '', ''),
(204, NULL, 0, 502, '2020-07-08 16:07:53', '2020-07-08 08:07:53', '', '', '', ''),
(205, NULL, 0, 503, '2020-07-08 16:07:53', '2020-07-08 08:07:53', '', '', '', ''),
(206, NULL, 0, 505, '2020-07-08 16:09:47', '2020-07-08 08:09:47', '', '', '', ''),
(207, NULL, 0, 504, '2020-07-08 16:09:47', '2020-07-08 08:09:47', '', '', '', ''),
(208, NULL, 0, 506, '2020-07-08 16:12:47', '2020-07-08 08:12:47', '', '', '', ''),
(209, NULL, 0, 507, '2020-07-08 16:12:47', '2020-07-08 08:12:47', '', '', '', ''),
(210, NULL, 0, 508, '2020-07-08 16:12:47', '2020-07-08 08:12:47', '', '', '', ''),
(211, NULL, 0, 509, '2020-07-08 16:21:50', '2020-07-08 08:21:50', '', '', '', ''),
(212, NULL, 0, 510, '2020-07-08 16:24:19', '2020-07-08 08:24:19', '', '', '', ''),
(213, NULL, 0, 511, '2020-07-08 16:24:19', '2020-07-08 08:24:19', '', '', '', ''),
(214, NULL, 0, 512, '2020-07-08 16:24:19', '2020-07-08 08:24:19', '', '', '', ''),
(215, NULL, 0, 513, '2020-07-08 16:37:33', '2020-07-08 08:37:33', '', '', '', ''),
(216, NULL, 0, 514, '2020-07-08 16:37:33', '2020-07-08 08:37:33', '', '', '', ''),
(217, NULL, 0, 515, '2020-07-08 16:50:11', '2020-07-08 08:50:11', '', '', '', ''),
(218, NULL, 0, 516, '2020-07-08 16:50:11', '2020-07-08 08:50:11', '', '', '', ''),
(219, NULL, 0, 517, '2020-07-08 16:50:11', '2020-07-08 08:50:11', '', '', '', ''),
(220, NULL, 0, 520, '2020-07-08 16:51:24', '2020-07-08 08:51:24', '', '', '', ''),
(221, NULL, 0, 518, '2020-07-08 16:51:24', '2020-07-08 08:51:24', '', '', '', ''),
(222, NULL, 0, 519, '2020-07-08 16:51:24', '2020-07-08 08:51:24', '', '', '', ''),
(223, NULL, 0, 521, '2020-07-09 12:47:27', '2020-07-09 04:47:27', '', '', '', ''),
(224, NULL, 0, 522, '2020-07-09 12:47:27', '2020-07-09 04:47:27', '', '', '', ''),
(225, '很棒!', 4, 523, '2020-07-09 12:54:04', '2020-07-09 07:57:47', 'commentImg_523.jpg', '', '', ''),
(226, NULL, 0, 524, '2020-07-09 12:59:36', '2020-07-09 04:59:36', '', '', '', ''),
(227, '很棒!', 4, 525, '2020-07-09 13:20:36', '2020-07-09 06:43:55', 'commentImg_525.jpg', '', '', ''),
(228, NULL, 0, 526, '2020-07-09 14:38:03', '2020-07-09 06:38:03', '', '', '', ''),
(229, NULL, 0, 527, '2020-07-09 14:38:03', '2020-07-09 06:38:03', '', '', '', ''),
(230, NULL, 0, 528, '2020-07-09 14:47:34', '2020-07-09 06:47:34', '', '', '', ''),
(231, NULL, 0, 529, '2020-07-09 22:55:10', '2020-07-09 14:55:10', '', '', '', ''),
(232, NULL, 0, 530, '2020-07-09 22:58:28', '2020-07-09 14:58:28', '', '', '', ''),
(233, NULL, 0, 531, '2020-07-10 00:51:19', '2020-07-09 16:51:19', '', '', '', ''),
(234, NULL, 0, 532, '2020-07-10 00:57:56', '2020-07-09 16:57:56', '', '', '', ''),
(235, NULL, 0, 533, '2020-07-10 00:57:56', '2020-07-09 16:57:56', '', '', '', ''),
(236, NULL, 0, 534, '2020-07-10 09:17:18', '2020-07-10 01:17:18', '', '', '', ''),
(237, '活動行程安排得很順暢，非常棒的體驗，老師也很有耐心，非常推薦給大家!', 4, 535, '2020-07-10 09:23:40', '2020-07-10 01:57:36', 'commentImg_535.jpg', '', '', ''),
(238, NULL, 0, 536, '2020-07-10 09:51:25', '2020-07-10 01:51:25', '', '', '', ''),
(239, NULL, 0, 537, '2020-07-10 10:02:07', '2020-07-10 02:02:07', '', '', '', '');

-- --------------------------------------------------------

--
-- 資料表結構 `coupon`
--

CREATE TABLE `coupon` (
  `couponId` int(11) NOT NULL COMMENT '折扣碼ID',
  `discountName` varchar(20) COLLATE utf8mb4_unicode_ci NOT NULL COMMENT '行銷名稱',
  `discountCode` varchar(16) COLLATE utf8mb4_unicode_ci DEFAULT NULL COMMENT '折扣代碼',
  `discountPercent` float NOT NULL COMMENT '折扣數',
  `startTime` datetime NOT NULL COMMENT '折扣開始時間',
  `endTime` datetime NOT NULL COMMENT '折扣結束時間',
  `created_at` datetime NOT NULL DEFAULT current_timestamp() COMMENT '建立時間',
  `updated_at` datetime NOT NULL DEFAULT current_timestamp() ON UPDATE current_timestamp() COMMENT '更新時間',
  `quantity` int(5) DEFAULT NULL COMMENT '折價券數量'
) ENGINE=InnoDB DEFAULT CHARSET=utf8mb4 COLLATE=utf8mb4_unicode_ci;

--
-- 傾印資料表的資料 `coupon`
--

INSERT INTO `coupon` (`couponId`, `discountName`, `discountCode`, `discountPercent`, `startTime`, `endTime`, `created_at`, `updated_at`, `quantity`) VALUES
(1, '一月優惠', 'January', 0.78, '2020-01-01 12:59:00', '2020-01-31 01:00:00', '2020-04-30 14:28:23', '2020-05-06 12:19:21', 10),
(2, '二月優惠', 'February', 0.22, '2020-02-01 00:00:00', '2020-02-28 12:59:00', '2020-04-30 16:36:27', '2020-05-06 10:33:06', 21),
(4, '四月優惠', 'April', 0.72, '2020-04-01 13:59:00', '2020-04-30 00:00:00', '2020-04-30 16:09:03', '2020-05-06 06:37:46', 10),
(5, '五月優惠', 'May', 0.58, '2020-05-01 00:00:00', '2020-05-31 12:59:00', '2020-04-30 15:46:33', '2020-05-04 06:00:34', 5),
(6, '六月優惠', 'June', 0.66, '2020-06-01 00:00:00', '2020-06-30 13:59:00', '2020-04-30 11:35:02', '2020-05-04 06:02:56', 68),
(7, '七月優惠', 'July', 0.77, '2020-07-01 01:00:00', '2020-07-31 00:59:00', '2020-04-30 12:57:00', '2020-05-05 11:53:41', 7),
(8, '八月優惠', 'August', 0.88, '2020-08-01 01:00:00', '2020-08-31 12:59:00', '2020-05-06 05:04:02', '2020-05-06 05:04:02', 10),
(9, '九月優惠', 'September', 0.99, '2020-09-01 01:00:00', '2020-09-30 00:59:00', '2020-04-30 16:37:13', '2020-05-04 15:09:11', 12),
(10, '十月優惠', 'October', 0.56, '2020-10-01 01:00:00', '2020-10-31 12:59:00', '2020-04-30 16:36:47', '2020-05-06 06:38:36', 10),
(11, '十一月優惠', 'November', 0.11, '2020-11-01 01:00:00', '2020-11-30 12:59:00', '2020-04-30 16:44:24', '2020-05-06 06:39:56', 5),
(12, '十二月優惠', ' December', 0.12, '2020-12-01 01:00:00', '2020-12-31 12:59:00', '2020-04-30 16:40:23', '2020-05-06 06:40:34', 10),
(13, '畢業季', 'Graduation', 0.83, '2020-05-31 01:59:00', '2020-06-30 12:59:00', '2020-04-30 16:41:15', '2020-05-06 06:44:24', 8),
(14, '年貨大街', 'NewYear', 0.75, '2021-01-01 01:00:00', '2021-02-22 12:59:00', '2020-04-30 16:42:27', '2020-05-06 06:44:38', 10),
(15, '元宵節', 'LanternFestival', 0.68, '2021-04-01 01:00:00', '2021-04-30 12:59:00', '2020-04-30 16:49:04', '2020-05-06 06:46:53', 5),
(16, '杜鵑花季', 'Azalea', 0.56, '2020-04-01 01:59:00', '2020-06-30 00:59:00', '2020-04-30 16:45:02', '2020-05-06 06:50:19', 8),
(17, '櫻花季', 'CherryBlossom', 0.88, '2020-05-01 01:59:00', '2020-05-31 12:59:00', '2020-04-30 16:46:58', '2020-05-06 06:51:37', 5),
(18, '桶柑季', 'Barrel', 0.59, '2020-06-04 00:00:00', '2020-09-24 12:00:00', '2020-04-30 16:45:30', '2020-05-06 06:52:43', 3),
(19, '油菜花季', 'Rape', 0.78, '2020-06-04 01:00:00', '2020-08-01 12:59:00', '2020-05-06 06:54:41', '2020-05-06 06:54:41', 5),
(20, '百花季', 'HundredFlowers', 0.83, '2020-07-02 01:00:00', '2020-07-31 12:59:00', '2020-05-06 06:56:01', '2020-05-06 06:56:01', 12),
(21, '228連假', '228leave', 0.82, '2021-02-28 01:00:00', '2021-02-28 12:59:00', '2020-05-06 06:57:20', '2020-05-06 10:24:02', 6),
(22, '寒假', 'WinterVacation', 0.56, '2021-02-01 01:00:00', '2021-01-16 12:59:00', '2020-05-06 06:59:19', '2020-05-06 14:33:53', 10),
(24, '婚紗展', 'WeddingShow', 0.55, '2021-02-01 01:00:00', '2021-02-28 12:59:00', '2020-05-06 07:03:33', '2020-05-06 07:03:33', 10),
(25, '電玩展', 'VideoGame', 0.55, '2020-05-02 01:00:00', '2021-06-30 00:59:00', '2020-05-06 07:05:04', '2020-05-06 09:42:09', 8),
(27, '竹子湖海芋季', 'Calla', 0.69, '2020-03-01 01:00:00', '2020-03-31 12:59:00', '2020-05-06 07:08:48', '2020-05-06 07:13:45', 10),
(28, '賞春花', 'SpringBlossom', 0.75, '2020-03-01 01:00:00', '2020-03-31 12:59:00', '2020-05-06 07:10:04', '2020-05-06 07:10:04', 10),
(29, '阿里山吉野櫻', 'Alishan', 0.68, '2020-03-01 01:00:00', '2020-03-31 12:59:00', '2020-05-06 07:11:30', '2020-05-06 07:11:30', 15),
(30, '台南柚花飄香', 'Pomelo', 0.58, '2020-03-07 01:03:00', '2020-03-27 12:00:00', '2020-05-06 07:13:11', '2020-05-06 07:13:11', 12),
(41, '桐花季', ' Tonghua', 0.88, '2020-04-01 00:00:00', '2020-04-25 13:59:00', '2020-05-06 07:14:12', '2020-05-06 07:15:20', 2),
(42, '潑水節', 'Songkran', 0.98, '2020-04-14 00:00:00', '2020-04-21 13:59:00', '2020-05-06 07:16:46', '2020-05-06 07:16:46', 5),
(43, '民雄鳳梨季', 'Pineapple', 0.45, '2020-04-06 00:59:00', '2020-04-28 12:00:00', '2020-05-06 07:19:48', '2020-05-06 07:19:48', 12),
(44, '墾丁音樂季', 'KentingMusic', 0.88, '2020-04-06 00:00:00', '2020-04-08 12:59:00', '2020-05-06 07:21:47', '2020-05-06 07:21:47', 15),
(45, '蘭嶼飛魚季', 'FlyingFish', 0.78, '2020-04-15 00:00:00', '2020-04-21 12:59:00', '2020-05-06 07:23:25', '2020-05-06 07:23:25', 16),
(46, '柳營牛奶節', 'LiuyingMilk', 0.77, '2021-04-06 01:59:00', '2021-05-31 13:59:00', '2020-05-06 07:25:30', '2020-05-06 09:40:18', 6),
(47, '電腦展', 'ComputerShow', 0.77, '2020-05-01 13:00:00', '2020-05-28 13:59:00', '2020-05-06 07:26:30', '2020-05-06 07:26:30', 12),
(48, '花火節', 'Fireworks', 0.86, '2020-05-04 13:59:00', '2020-06-24 00:59:00', '2020-05-06 07:28:04', '2020-05-06 07:33:20', 12),
(49, '母親節', 'MotherDay', 0.77, '2020-05-10 00:00:00', '2020-05-10 00:59:00', '2020-05-06 07:32:35', '2020-05-06 07:32:35', 10),
(50, '謝師宴', 'Teacher', 0.72, '2020-05-09 13:00:00', '2020-06-30 00:00:00', '2020-05-06 07:34:34', '2020-05-06 07:34:34', 10),
(51, '一月壽星', 'Janbir', 0.55, '2020-01-01 01:00:00', '2020-01-31 23:59:00', '2020-05-06 07:36:54', '2020-05-06 07:40:58', 20),
(52, '二月壽星', 'Febbir', 0.83, '2020-02-01 00:00:00', '2020-02-28 12:59:00', '2020-05-06 07:40:32', '2020-05-06 07:40:32', 12),
(53, '振興三倍券', 'TriStimulus', 0.77, '2020-07-02 12:05:00', '2020-08-31 12:06:00', '2020-07-09 12:06:06', '2020-07-09 12:06:06', 20);

-- --------------------------------------------------------

--
-- 資料表結構 `item_lists`
--

CREATE TABLE `item_lists` (
  `itemListId` int(11) NOT NULL COMMENT '流水號',
  `orderId` varchar(20) COLLATE utf8mb4_unicode_ci NOT NULL COMMENT '訂單編號',
  `memberId` int(10) NOT NULL COMMENT '會員ID',
  `productId` varchar(20) COLLATE utf8mb4_unicode_ci NOT NULL COMMENT '商品編號',
  `date` date NOT NULL COMMENT '活動日期',
  `checkPrice` int(11) NOT NULL COMMENT '結帳時單價',
  `checkQty` varchar(10) COLLATE utf8mb4_unicode_ci NOT NULL COMMENT '結帳時數量',
  `checkSubtotal` int(11) NOT NULL COMMENT '結帳時小計',
  `created_at` datetime NOT NULL DEFAULT current_timestamp() COMMENT '新增時間',
  `updated_at` datetime NOT NULL DEFAULT current_timestamp() ON UPDATE current_timestamp() COMMENT '更新時間'
) ENGINE=InnoDB DEFAULT CHARSET=utf8mb4 COLLATE=utf8mb4_unicode_ci COMMENT='訂單中的商品列表';

--
-- 傾印資料表的資料 `item_lists`
--

INSERT INTO `item_lists` (`itemListId`, `orderId`, `memberId`, `productId`, `date`, `checkPrice`, `checkQty`, `checkSubtotal`, `created_at`, `updated_at`) VALUES
(415, 'O20206400145', 60, '40', '2020-07-29', 0, '1', 0, '2020-07-04 19:22:18', '2020-07-04 19:22:18'),
(416, 'O20206400145', 60, '46', '2020-07-10', 200, '1', 200, '2020-07-04 19:22:18', '2020-07-04 19:22:18'),
(417, 'O20206400145', 60, '32', '2020-07-23', 0, '1', 0, '2020-07-04 19:22:18', '2020-07-04 19:22:18'),
(418, 'O20206400146', 60, '46', '2020-07-15', 200, '1', 200, '2020-07-04 20:43:01', '2020-07-04 20:43:01'),
(419, 'O20206400147', 60, '46', '2020-07-08', 200, '5', 1000, '2020-07-04 21:23:37', '2020-07-04 21:23:37'),
(420, 'O20206400148', 60, '46', '0000-00-00', 200, '3', 600, '2020-07-04 21:25:22', '2020-07-04 21:25:22'),
(421, 'O20206500149', 60, '40', '2020-07-09', 0, '2', 0, '2020-07-05 23:43:23', '2020-07-05 23:43:23'),
(422, 'O20206500149', 60, '46', '2020-07-08', 200, '3', 600, '2020-07-05 23:43:23', '2020-07-05 23:43:23'),
(423, 'O20206600150', 60, '46', '2020-07-02', 200, '1', 200, '2020-07-06 14:36:41', '2020-07-06 14:36:41'),
(424, 'O20206600151', 60, '46', '2020-07-15', 200, '1', 200, '2020-07-06 14:57:42', '2020-07-06 14:57:42'),
(425, 'O20206600152', 60, '40', '2020-07-07', 0, '1', 0, '2020-07-06 14:59:03', '2020-07-06 14:59:03'),
(426, 'O20206600152', 60, '46', '2020-07-17', 200, '1', 200, '2020-07-06 14:59:03', '2020-07-06 14:59:03'),
(427, 'O20206600152', 60, '32', '2020-07-29', 0, '1', 0, '2020-07-06 14:59:03', '2020-07-06 14:59:03'),
(428, 'O20206600152', 60, '11', '2020-07-22', 980, '1', 980, '2020-07-06 14:59:03', '2020-07-06 14:59:03'),
(429, 'O20206600153', 60, '11', '2020-07-08', 980, '1', 980, '2020-07-06 15:17:02', '2020-07-06 15:17:02'),
(430, 'O20206600153', 60, '40', '2020-07-08', 0, '1', 0, '2020-07-06 15:17:02', '2020-07-06 15:17:02'),
(431, 'O20206600154', 60, '40', '2020-07-14', 0, '1', 0, '2020-07-06 15:38:36', '2020-07-06 15:38:36'),
(432, 'O20206600155', 60, '46', '2020-07-02', 200, '1', 200, '2020-07-06 16:07:55', '2020-07-06 16:07:55'),
(433, 'O20206600156', 60, '11', '2020-07-02', 980, '5', 4900, '2020-07-06 16:30:01', '2020-07-06 16:30:01'),
(434, 'O20206600157', 60, '11', '2020-07-16', 980, '1', 980, '2020-07-06 16:36:32', '2020-07-06 16:36:32'),
(435, 'O20206600157', 60, '40', '2020-07-15', 300, '1', 300, '2020-07-06 16:36:32', '2020-07-06 16:36:32'),
(436, 'O20206600158', 60, '46', '2020-07-23', 200, '5', 1000, '2020-07-06 16:39:09', '2020-07-06 16:39:09'),
(437, 'O20206600159', 60, '32', '2020-07-07', 250, '1', 250, '2020-07-06 18:19:16', '2020-07-06 18:19:16'),
(438, 'O20206600159', 60, '46', '2020-07-14', 200, '4', 800, '2020-07-06 18:19:16', '2020-07-06 18:19:16'),
(439, 'O20206700160', 60, '23', '2020-07-09', 1500, '1', 1500, '2020-07-07 11:39:35', '2020-07-07 11:39:35'),
(440, 'O20206700161', 60, '23', '2020-07-16', 1500, '1', 1500, '2020-07-07 12:18:26', '2020-07-07 12:18:26'),
(441, 'O20206700161', 60, '15', '2020-07-24', 2280, '1', 2280, '2020-07-07 12:18:26', '2020-07-07 12:18:26'),
(442, 'O20206700161', 60, '6', '2020-07-24', 1000, '1', 1000, '2020-07-07 12:18:26', '2020-07-07 12:18:26'),
(443, 'O20206700161', 60, '20', '2020-07-09', 880, '1', 880, '2020-07-07 12:18:26', '2020-07-07 12:18:26'),
(444, 'O20206700161', 60, '32', '2020-07-31', 250, '1', 250, '2020-07-07 12:18:26', '2020-07-07 12:18:26'),
(445, 'O20206700162', 60, '23', '2020-07-09', 1500, '1', 1500, '2020-07-07 12:20:56', '2020-07-07 12:20:56'),
(446, 'O20206700162', 60, '20', '2020-07-16', 880, '1', 880, '2020-07-07 12:20:56', '2020-07-07 12:20:56'),
(447, 'O20206700163', 60, '1', '2020-07-17', 1180, '1', 1180, '2020-07-07 12:34:18', '2020-07-07 12:34:18'),
(448, 'O20206700164', 60, '1', '2020-07-23', 1180, '1', 1180, '2020-07-07 13:05:09', '2020-07-07 13:05:09'),
(449, 'O20206700165', 60, '11', '2020-07-01', 980, '1', 980, '2020-07-07 13:20:28', '2020-07-07 13:20:28'),
(450, 'O20206700166', 60, '11', '2020-07-15', 980, '1', 980, '2020-07-07 14:59:56', '2020-07-07 14:59:56'),
(451, 'O20206700167', 67, '2', '2020-07-08', 750, '1', 750, '2020-07-07 16:06:00', '2020-07-07 16:06:00'),
(452, 'O20206700168', 67, '1', '2020-07-01', 1180, '1', 1180, '2020-07-07 16:19:26', '2020-07-07 16:20:42'),
(453, 'O20206700169', 67, '3', '2020-07-03', 680, '1', 680, '2020-07-07 16:45:57', '2020-07-07 16:45:57'),
(454, 'O20206800170', 60, '46', '2020-07-09', 200, '1', 200, '2020-07-08 10:45:06', '2020-07-08 10:45:06'),
(455, 'O20206800170', 60, '3', '2020-07-16', 680, '4', 2720, '2020-07-08 10:45:06', '2020-07-08 10:45:06'),
(456, 'O20206800171', 60, '3', '2020-07-29', 680, '1', 680, '2020-07-08 11:03:05', '2020-07-08 11:03:05'),
(457, 'O20206800172', 60, '32', '2020-07-10', 250, '1', 250, '2020-07-08 11:17:08', '2020-07-08 11:17:08'),
(458, 'O20206800173', 60, '3', '2020-07-22', 680, '1', 680, '2020-07-08 11:24:56', '2020-07-08 11:24:56'),
(459, 'O20206800174', 60, '3', '2020-07-15', 680, '1', 680, '2020-07-08 11:33:56', '2020-07-08 11:33:56'),
(460, 'O20206800175', 60, '5', '2020-07-23', 650, '1', 650, '2020-07-08 12:07:07', '2020-07-08 12:07:07'),
(461, 'O20206800176', 60, '5', '2020-07-23', 650, '1', 650, '2020-07-08 12:07:25', '2020-07-08 12:07:25'),
(462, 'O20206800177', 60, '3', '2020-07-22', 680, '1', 680, '2020-07-08 12:08:25', '2020-07-08 12:08:25'),
(463, 'O20206800178', 67, '5', '2020-07-16', 650, '3', 1950, '2020-07-08 12:13:23', '2020-07-08 12:13:23'),
(464, 'O20206800178', 67, '1', '2020-07-31', 1180, '1', 1180, '2020-07-08 12:13:23', '2020-07-08 12:13:23'),
(465, 'O20206800178', 67, '11', '2020-07-13', 980, '1', 980, '2020-07-08 12:13:23', '2020-07-08 12:13:23'),
(466, 'O20206800179', 67, '5', '2020-07-01', 650, '1', 650, '2020-07-08 12:33:49', '2020-07-08 12:33:49'),
(467, 'O20206800179', 67, '33', '2020-07-16', 0, '1', 0, '2020-07-08 12:33:49', '2020-07-08 12:33:49'),
(468, 'O20206800180', 67, '7', '2020-07-02', 1500, '1', 1500, '2020-07-08 12:44:23', '2020-07-08 12:44:23'),
(469, 'O20206800181', 63, '1', '2020-07-16', 1180, '1', 1180, '2020-07-08 13:41:20', '2020-07-08 13:41:20'),
(470, 'O20206800182', 63, '2', '2020-07-01', 750, '1', 750, '2020-07-08 13:43:03', '2020-07-08 13:43:03'),
(471, 'O20206800183', 72, '3', '2020-07-08', 680, '1', 680, '2020-07-08 14:03:41', '2020-07-08 14:03:41'),
(472, 'O20206800184', 72, '33', '2020-04-15', 0, '1', 0, '2020-07-08 14:08:51', '2020-07-08 14:08:51'),
(473, 'O20206800184', 72, '8', '2020-06-26', 980, '1', 980, '2020-07-08 14:08:51', '2020-07-08 14:08:51'),
(474, 'O20206800184', 72, '4', '2020-05-06', 850, '1', 850, '2020-07-08 14:08:51', '2020-07-08 14:08:51'),
(475, 'O20206800184', 72, '3', '2020-06-08', 680, '1', 680, '2020-07-08 14:08:51', '2020-07-08 14:08:51'),
(476, 'O20206800185', 67, '16', '2019-08-02', 1280, '1', 1280, '2020-07-08 14:14:21', '2020-07-08 14:14:21'),
(477, 'O20206800185', 67, '1', '2020-07-16', 1180, '1', 1180, '2020-07-08 14:14:21', '2020-07-08 14:14:21'),
(478, 'O20206800186', 60, '3', '2020-07-10', 680, '15', 10200, '2020-07-08 14:17:58', '2020-07-08 14:17:58'),
(479, 'O20206800187', 72, '10', '2020-07-07', 1500, '1', 1500, '2020-07-08 14:23:08', '2020-07-08 14:23:08'),
(480, 'O20206800188', 60, '3', '2020-07-22', 680, '1', 680, '2020-07-08 14:23:19', '2020-07-08 14:23:19'),
(481, 'O20206800189', 60, '6', '2020-07-10', 1000, '2', 2000, '2020-07-08 14:29:02', '2020-07-08 14:29:02'),
(482, 'O20206800190', 63, '32', '2020-07-09', 250, '1', 250, '2020-07-08 14:30:01', '2020-07-08 14:30:01'),
(483, 'O20206800191', 60, '3', '2020-07-11', 680, '1', 680, '2020-07-08 14:30:52', '2020-07-08 14:30:52'),
(484, 'O20206800192', 60, '3', '2020-07-16', 680, '1', 680, '2020-07-08 14:50:32', '2020-07-08 14:50:32'),
(485, 'O20206800192', 60, '11', '2020-07-10', 980, '1', 980, '2020-07-08 14:50:32', '2020-07-08 14:50:32'),
(486, 'O20206800193', 60, '32', '2020-07-10', 250, '1', 250, '2020-07-08 15:02:45', '2020-07-08 15:02:45'),
(487, 'O20206800194', 60, '3', '2020-07-17', 680, '1', 680, '2020-07-08 15:06:24', '2020-07-08 15:06:24'),
(488, 'O20206800195', 60, '32', '2020-07-10', 250, '1', 250, '2020-07-08 15:18:11', '2020-07-08 15:18:11'),
(489, 'O20206800196', 60, '3', '2020-07-23', 680, '1', 680, '2020-07-08 15:21:09', '2020-07-08 15:21:09'),
(490, 'O20206800197', 60, '32', '2020-07-11', 250, '1', 250, '2020-07-08 15:21:56', '2020-07-08 15:21:56'),
(491, 'O20206800197', 60, '3', '2020-07-17', 680, '1', 680, '2020-07-08 15:21:56', '2020-07-08 15:21:56'),
(492, 'O20206800198', 60, '3', '2020-07-16', 680, '1', 680, '2020-07-08 15:23:40', '2020-07-08 15:23:40'),
(493, 'O20206800199', 60, '3', '2020-07-16', 680, '1', 680, '2020-07-08 15:29:00', '2020-07-08 15:29:00'),
(494, 'O20206800200', 60, '3', '2020-07-15', 680, '1', 680, '2020-07-08 15:33:27', '2020-07-08 15:33:27'),
(495, 'O20206800201', 60, '3', '2020-07-15', 680, '1', 680, '2020-07-08 15:40:01', '2020-07-08 15:40:01'),
(496, 'O20206800202', 60, '3', '2020-07-16', 680, '1', 680, '2020-07-08 15:43:02', '2020-07-08 15:43:02'),
(497, 'O20206800203', 60, '32', '2020-07-10', 250, '1', 250, '2020-07-08 15:56:01', '2020-07-08 15:56:01'),
(498, 'O20206800204', 60, '32', '2020-07-10', 250, '1', 250, '2020-07-08 15:58:01', '2020-07-08 15:58:01'),
(499, 'O20206800205', 60, '32', '2020-07-10', 250, '1', 250, '2020-07-08 15:58:19', '2020-07-08 15:58:19'),
(500, 'O20206800206', 60, '32', '2020-07-10', 250, '1', 250, '2020-07-08 16:00:57', '2020-07-08 16:00:57'),
(501, 'O20206800207', 60, '3', '2020-07-16', 680, '1', 680, '2020-07-08 16:05:40', '2020-07-08 16:05:40'),
(502, 'O20206800208', 60, '3', '2020-07-16', 680, '1', 680, '2020-07-08 16:07:53', '2020-07-08 16:07:53'),
(503, 'O20206800208', 60, '40', '2020-07-11', 300, '1', 300, '2020-07-08 16:07:53', '2020-07-08 16:07:53'),
(504, 'O20206800209', 60, '32', '2020-07-10', 250, '1', 250, '2020-07-08 16:09:47', '2020-07-08 16:09:47'),
(505, 'O20206800209', 60, '40', '2020-07-11', 300, '1', 300, '2020-07-08 16:09:47', '2020-07-08 16:09:47'),
(506, 'O20206800210', 60, '3', '2020-07-16', 680, '1', 680, '2020-07-08 16:12:47', '2020-07-08 16:12:47'),
(507, 'O20206800210', 60, '6', '2020-07-11', 1000, '1', 1000, '2020-07-08 16:12:47', '2020-07-08 16:12:47'),
(508, 'O20206800210', 60, '11', '2020-07-12', 980, '1', 980, '2020-07-08 16:12:47', '2020-07-08 16:12:47'),
(509, 'O20206800211', 60, '32', '2020-07-10', 250, '1', 250, '2020-07-08 16:21:50', '2020-07-08 16:21:50'),
(510, 'O20206800212', 60, '11', '2020-07-11', 980, '1', 980, '2020-07-08 16:24:19', '2020-07-08 16:24:19'),
(511, 'O20206800212', 60, '32', '2020-07-10', 250, '1', 250, '2020-07-08 16:24:19', '2020-07-08 16:24:19'),
(512, 'O20206800212', 60, '40', '2020-07-11', 300, '1', 300, '2020-07-08 16:24:19', '2020-07-08 16:24:19'),
(513, 'O20206800213', 60, '3', '2020-07-10', 680, '1', 680, '2020-07-08 16:37:33', '2020-07-08 16:37:33'),
(514, 'O20206800213', 60, '11', '2020-07-11', 980, '1', 980, '2020-07-08 16:37:33', '2020-07-08 16:37:33'),
(515, 'O20206800214', 60, '3', '2020-07-10', 680, '1', 680, '2020-07-08 16:50:11', '2020-07-08 16:50:11'),
(516, 'O20206800214', 60, '6', '2020-07-10', 1000, '1', 1000, '2020-07-08 16:50:11', '2020-07-08 16:50:11'),
(517, 'O20206800214', 60, '11', '2020-07-11', 980, '1', 980, '2020-07-08 16:50:11', '2020-07-08 16:50:11'),
(518, 'O20206800215', 60, '3', '2020-07-21', 680, '1', 680, '2020-07-08 16:51:24', '2020-07-08 16:51:24'),
(519, 'O20206800215', 60, '6', '2020-07-14', 1000, '1', 1000, '2020-07-08 16:51:24', '2020-07-08 16:51:24'),
(520, 'O20206800215', 60, '40', '2020-07-11', 300, '1', 300, '2020-07-08 16:51:24', '2020-07-08 16:51:24'),
(521, 'O20206900216', 67, '5', '2020-07-21', 650, '6', 3900, '2020-07-09 12:47:27', '2020-07-09 12:47:27'),
(522, 'O20206900216', 67, '27', '2020-07-15', 1620, '4', 6480, '2020-07-09 12:47:27', '2020-07-09 12:47:27'),
(523, 'O20206900217', 67, '1', '2020-07-01', 1180, '1', 1180, '2020-07-09 12:54:04', '2020-07-09 12:54:04'),
(524, 'O20206900218', 63, '1', '2020-07-09', 1180, '1', 1180, '2020-07-09 12:59:36', '2020-07-09 12:59:36'),
(525, 'O20206900219', 67, '27', '2020-07-08', 1620, '1', 1620, '2020-07-09 13:20:36', '2020-07-09 13:20:36'),
(526, 'O20206900220', 67, '4', '2020-07-17', 850, '7', 5950, '2020-07-09 14:38:03', '2020-07-09 14:38:03'),
(527, 'O20206900220', 67, '16', '2020-07-15', 1280, '8', 10240, '2020-07-09 14:38:03', '2020-07-09 14:38:03'),
(528, 'O20206900221', 63, '1', '2020-07-09', 1180, '1', 1180, '2020-07-09 14:47:34', '2020-07-09 14:47:34'),
(529, 'O20206900222', 67, '27', '2020-07-11', 1620, '2', 3240, '2020-07-09 22:55:10', '2020-07-09 22:55:10'),
(530, 'O20206900223', 67, '6', '2020-07-14', 1000, '1', 1000, '2020-07-09 22:58:28', '2020-07-09 22:58:28'),
(531, 'O202061000224', 67, '6', '2020-07-14', 1000, '9', 9000, '2020-07-10 00:51:19', '2020-07-10 00:51:19'),
(532, 'O202061000225', 67, '27', '2020-07-15', 1620, '1', 1620, '2020-07-10 00:57:56', '2020-07-10 00:57:56'),
(533, 'O202061000225', 67, '16', '2020-07-16', 1280, '1', 1280, '2020-07-10 00:57:56', '2020-07-10 00:57:56'),
(534, 'O202061000226', 67, '27', '2020-07-16', 1620, '1', 1620, '2020-07-10 09:17:18', '2020-07-10 09:17:18'),
(535, 'O202061000227', 67, '2', '2020-07-07', 750, '1', 750, '2020-07-10 09:23:40', '2020-07-10 09:23:40'),
(536, 'O202061000228', 67, '4', '2020-07-11', 850, '8', 6800, '2020-07-10 09:51:25', '2020-07-10 09:51:25'),
(537, 'O202061000229', 63, '1', '2020-07-10', 1180, '1', 1180, '2020-07-10 10:02:07', '2020-07-10 10:02:07');

-- --------------------------------------------------------

--
-- 資料表結構 `location_area`
--

CREATE TABLE `location_area` (
  `locationId` int(100) NOT NULL COMMENT '地區ID',
  `locationName` varchar(100) COLLATE utf8mb4_unicode_ci NOT NULL COMMENT '地區名稱',
  `locationParentId` int(100) NOT NULL COMMENT '上層地區ID'
) ENGINE=InnoDB DEFAULT CHARSET=utf8mb4 COLLATE=utf8mb4_unicode_ci;

--
-- 傾印資料表的資料 `location_area`
--

INSERT INTO `location_area` (`locationId`, `locationName`, `locationParentId`) VALUES
(1, '北部', 0),
(2, '中部', 0),
(3, '南部', 0),
(4, '東部', 0),
(5, '外島', 0),
(6, '臺北市', 1),
(7, '新北市', 1),
(8, '宜蘭縣', 1),
(9, '基隆市', 1),
(10, '桃園市', 1),
(11, '新竹縣', 1),
(12, '新竹市', 1),
(13, '苗栗縣', 2),
(14, '臺中市', 2),
(15, '南投縣', 2),
(16, '彰化縣', 2),
(17, '雲林縣', 2),
(18, '嘉義縣', 3),
(19, '嘉義市', 3),
(20, '臺南市', 3),
(21, '高雄市', 3),
(22, '屏東縣', 3),
(23, '澎湖縣', 3),
(24, '花蓮縣', 4),
(25, '臺東縣', 4),
(26, '金門縣', 5),
(27, '連江縣', 5);

-- --------------------------------------------------------

--
-- 資料表結構 `map_cafe`
--

CREATE TABLE `map_cafe` (
  `id` int(10) NOT NULL COMMENT '景點Id',
  `mapCafe_Name` varchar(100) CHARACTER SET utf8mb4 COLLATE utf8mb4_unicode_ci NOT NULL COMMENT '景點名稱',
  `Img` varchar(100) CHARACTER SET utf8mb4 COLLATE utf8mb4_unicode_ci NOT NULL COMMENT '景點照片',
  `mapCafe_Address` varchar(100) CHARACTER SET utf8mb4 COLLATE utf8mb4_unicode_ci NOT NULL COMMENT '景點地址',
  `mapCafe_Phone` int(20) NOT NULL COMMENT '景點電話',
  `created_at` datetime NOT NULL DEFAULT current_timestamp() COMMENT '建立時間',
  `updated_at` datetime NOT NULL DEFAULT current_timestamp() COMMENT '更新時間',
  `lat` varchar(225) NOT NULL COMMENT '經度',
  `log` varchar(225) NOT NULL COMMENT '緯度',
  `weblink` varchar(225) NOT NULL COMMENT '網址',
  `openTime` varchar(225) NOT NULL COMMENT '營業時間',
  `closeTime` varchar(225) NOT NULL COMMENT '打烊時間',
  `category` varchar(225) NOT NULL COMMENT '類別'
) ENGINE=InnoDB DEFAULT CHARSET=utf8mb4;

--
-- 傾印資料表的資料 `map_cafe`
--

INSERT INTO `map_cafe` (`id`, `mapCafe_Name`, `Img`, `mapCafe_Address`, `mapCafe_Phone`, `created_at`, `updated_at`, `lat`, `log`, `weblink`, `openTime`, `closeTime`, `category`) VALUES
(27, 'The Kaffa Lovers', 'cafeImg27.jpg', '台北市中正區八德路一段1號', 23581914, '2020-05-05 16:00:25', '2020-05-05 16:00:25', '25.044354', '121.5304559', 'https://www.facebook.com/thekaffalovers/', '12:00', '20:00', '咖啡廳'),
(28, 'Homey\'s cafe', 'cafeImg28.jpg', '106台北市大安區敦化南路一段236巷36號', 27111519, '2020-07-01 23:40:42', '2020-07-01 23:40:42', '25.041514', '121.546675', 'https://www.facebook.com/homeyscafe/', '12:00', '0:00', '咖啡廳'),
(29, '未央咖啡店', 'cafeImg29.jpg', '台北市大安區四維路208巷10號1F', 27032331, '2020-07-01 23:40:42', '2020-07-01 23:40:42', '25.026258', '121.547415', 'https://www.facebook.com/BCmidnightcafe/', '13:00', '1:00', '咖啡廳'),
(30, '這間咖啡', 'cafeImg30.jpg', '台北市大安區信義路四段30巷39號', 27551288, '2020-07-01 23:40:42', '2020-07-01 23:40:42', '25.0318207', '121.5425884', 'https://www.facebook.com/Zhejiancafe/', '14:00', '0:00', '咖啡廳'),
(31, 'Café Costumice', 'cafeImg31.jpg', '台北市大安區忠孝東路四段223巷71弄6號1樓', 27118086, '2020-07-01 23:42:27', '2020-07-01 23:42:27', '25.0437923', '121.5503227', 'https://www.facebook.com/costumice.cafe/', '13:00', '0:00', '咖啡廳'),
(32, '妳有咖啡 neo cafe', 'cafeImg32.jpg', '台北市萬華區武昌街二段83-9號號 2F', 23705174, '2020-07-01 23:42:27', '2020-07-01 23:42:27', '25.0456972', '121.5029161', 'https://www.facebook.com/neocafe2f/', '11:30', '21:30', '咖啡廳'),
(33, '奧蘿茉CAFE北車店', 'cafeImg33.jpg', '台北市中正區南陽街26號', 23117070, '2020-07-01 23:42:27', '2020-07-01 23:42:27', '25.0456972', '121.513816', 'https://www.facebook.com/oromocafe4/', '8:00', '22:00', '咖啡廳'),
(34, 'Sunny Cafe', 'cafeImg34.jpg', '台北市中正區中華路一段23號', 23145333, '2020-07-01 23:42:27', '2020-07-01 23:42:27', '25.046325', '121.507721', 'https://www.facebook.com/sunnycafe1005/', '8:00', '21:30', '咖啡廳'),
(35, 'Congrats Café', 'cafeImg35.jpg', '台北市大安區文昌街49號', 27006639, '2020-07-01 23:42:27', '2020-07-01 23:42:27', '25.032836', '121.5484067', 'https://www.facebook.com/congratscafe.tw/', '8:00', '0:00', '咖啡廳'),
(36, '開燈咖啡 Dawn Surf & Co. Cafe', 'cafeImg36.jpg', '台北市信義區光復南路419巷76號', 87802396, '2020-07-01 23:42:27', '2020-07-01 23:42:27', '25.036408', '121.556652', 'https://www.facebook.com/dawnsurfcafe/', '15:00', '0:00', '咖啡廳'),
(37, '木白甜點咖啡店', 'cafeImg37.jpg', '台北市中山區松江路226巷8號', 25431782, '2020-07-01 23:43:48', '2020-07-01 23:43:48', '25.0584328', '121.5302356', 'https://www.facebook.com/Woodxwhite/', '12:00', '21:00', '咖啡廳'),
(38, '蜂大咖啡', 'cafeImg38.jpg', '台北市萬華區成都路42號 ', 23316110, '2020-07-01 23:43:48', '2020-07-01 23:43:48', '25.042566', '121.50416', 'https://www.facebook.com/pages/category/Coffee-Shop/%E8%9C%82%E5%A4%A7%E5%92%96%E5%95%A1-183855974985361/', '8:00', '22:00', '咖啡廳'),
(39, 'Rebirth Cafe & Restaurant', 'cafeImg39.jpg', '台北市大安區溫州街48巷2號', 23660985, '2020-07-01 23:46:43', '2020-07-01 23:46:43', '25.021359', '121.530771', 'https://www.facebook.com/Rebirth.cafe/', '14:00', '2:00', '咖啡廳'),
(40, 'NEON CAFE`& BAR 霓光咖啡&酒吧', 'cafeImg40.jpg', '台北市大同區南京西路25巷20-5號', 25580169, '2020-07-01 23:46:43', '2020-07-01 23:46:43', '25.0560233', '121.5182235', 'https://www.facebook.com/%E9%9C%93%E5%85%89%E5%92%96%E5%95%A1-Neon-cafe-and-Bar-108906227292276/?ref=py_c', '10:00', '2:00', '咖啡廳'),
(41, '共楽 Gung Lok Union Grocery 共樂', 'cafeImg41.jpg', '台北市大同區赤峰街22號1樓', 973857415, '2020-07-01 23:46:43', '2020-07-01 23:46:43', '25.056075', '121.5174199', 'https://www.facebook.com/gunglok/', '12:00', '21:00', '咖啡廳'),
(42, 'COFE 喫茶咖啡', 'cafeImg42.jpg', '台北市大同區迪化街一段248號', 25528386, '2020-07-01 23:46:43', '2020-07-01 23:46:43', '25.0602047', '121.5070935', 'https://www.facebook.com/taiwancofeproject/', '10:00', '18:00', '咖啡廳'),
(43, '角公園咖啡 Triangle Garden Cafe', 'cafeImg43.jpg', '台北市大同區太原路131號2樓', 25561773, '2020-07-01 23:46:43', '2020-07-01 23:46:43', '25.053066', '121.513907', 'https://zh-tw.facebook.com/trianglegardencafe/', '10:00', '18:00', '咖啡廳'),
(44, 'Hera Cafe ', 'cafeImg44.jpg', '台北市大同區承德路二段1巷7號', 0, '2020-07-01 23:46:43', '2020-07-01 23:46:43', '25.0536569', '121.5162066', 'https://www.facebook.com/heracafe.co/', '12:00', '19:00', '咖啡廳'),
(45, '二條通．綠島小夜曲', 'cafeImg45.jpg', '台北市中山區中山北路一段33巷1號', 25314594, '2020-07-01 23:46:43', '2020-07-01 23:46:43', '25.048875', '121.519381', 'https://www.facebook.com/theisland33/', '9:00', '19:45', '咖啡廳'),
(46, 'Fika Fika Cafe', 'cafeImg46.jpg', '台北市中山區伊通街33號', 25070633, '2020-07-01 23:46:43', '2020-07-01 23:46:43', '25.0504815', '121.5330859', 'https://www.facebook.com/FikaFikaCafe/', '8:00', '21:00', '咖啡廳');

-- --------------------------------------------------------

--
-- 資料表結構 `member`
--

CREATE TABLE `member` (
  `memberId` int(11) NOT NULL COMMENT 'ID(自動產生)',
  `memberName` varchar(50) COLLATE utf8mb4_unicode_ci NOT NULL COMMENT '姓名',
  `memberGender` varchar(10) COLLATE utf8mb4_unicode_ci NOT NULL COMMENT '性別',
  `memberBirth` date NOT NULL COMMENT '生日',
  `memberPhone` varchar(20) COLLATE utf8mb4_unicode_ci NOT NULL COMMENT '電話',
  `memberAddress` varchar(30) COLLATE utf8mb4_unicode_ci NOT NULL COMMENT '地址',
  `memberMail` varchar(50) COLLATE utf8mb4_unicode_ci NOT NULL COMMENT '信箱(帳)',
  `memberPwd` varchar(40) COLLATE utf8mb4_unicode_ci NOT NULL COMMENT '密碼',
  `memberImg` varchar(30) COLLATE utf8mb4_unicode_ci DEFAULT NULL COMMENT '(檔名:欄位名+時間)',
  `memberStatus` varchar(10) COLLATE utf8mb4_unicode_ci NOT NULL COMMENT '狀態',
  `code` varchar(25) COLLATE utf8mb4_unicode_ci NOT NULL,
  `created_at` datetime NOT NULL DEFAULT current_timestamp() COMMENT '建立時間',
  `updated_at` datetime NOT NULL DEFAULT current_timestamp() ON UPDATE current_timestamp() COMMENT '更新時間'
) ENGINE=InnoDB DEFAULT CHARSET=utf8mb4 COLLATE=utf8mb4_unicode_ci;

--
-- 傾印資料表的資料 `member`
--

INSERT INTO `member` (`memberId`, `memberName`, `memberGender`, `memberBirth`, `memberPhone`, `memberAddress`, `memberMail`, `memberPwd`, `memberImg`, `memberStatus`, `code`, `created_at`, `updated_at`) VALUES
(5, '紀先生', '男', '2020-01-21', '0922224562', '台北市中山區樂群二路100號', 'XXX@hotmail.com', '123456789', 'memberid_5.jpg', 'true', '', '2020-04-25 14:07:28', '2020-07-09 12:13:51'),
(6, 'Tiffeny', '女', '2019-10-16', '0965372415', '台中市中山區樂群二路55號', 'XXX@hotmail.com', '123456789', 'memberid_6.jpg', 'true', '', '2020-04-25 14:07:28', '2020-07-09 12:13:56'),
(7, 'Sheng I Huang', '男', '2019-09-18', '0998632457', '高雄市中山區樂群二路55號', 'xxx@edu.com.tw', '123456789', 'memberid_7.jpg', 'true', '', '2020-04-25 14:07:28', '2020-07-09 12:14:04'),
(10, '潘小姐', '女', '2018-10-23', '0921324578', '新竹市中山區樂群二路55號', 'xxx@edu.com.tw', '123456789', 'memberid_10.jpg', 'true', '', '2020-04-25 14:07:28', '2020-07-09 12:14:32'),
(14, 'Decade Lin‎', '男', '2018-04-18', '0923124578', '花蓮市中山區樂群二路55號', 'xxx@edu.com.tw', '123456789', 'memberid_14.jpg', 'true', '', '2020-04-25 14:07:28', '2020-07-09 12:14:36'),
(17, '紹小姐', '女', '2020-04-06', '092457896', '台南市中山區樂群二路55號', 'XXX@hotmail.com', '123456789', 'memberid_17.jpg', 'true', '', '2020-04-25 14:07:28', '2020-07-09 12:14:58'),
(33, '陳小姐', '女', '2019-08-13', '0946352789', '台北市中山區樂群二路55號', 'XXX@gmail.com', '123456789', 'memberid_33.jpg', 'true', '', '2020-04-25 14:07:28', '2020-07-09 12:15:57'),
(45, '王筱杰', '男', '1988-02-01', '0929671054', '701台南市東區大學路1號', '123@abc', '40bd001563085fc35165329ea1ff5c5ecbdbbeef', 'memberid_45.jpg', 'true', '', '2020-05-06 11:25:11', '2020-07-07 15:57:22'),
(63, 'Johnny', '男', '2020-01-01', '請輸入連絡電話', '123', 'qwe', 'qwe', 'memberid_63.jpg', 'true', '', '2020-07-06 15:23:36', '2020-07-06 16:04:27'),
(64, '訪客', '男', '2020-01-01', '請輸入連絡電話', '請輸入地址', 'abc', 'abc', 'memberid_64.jpg', 'true', '', '2020-07-06 16:13:53', '2020-07-07 15:56:02'),
(67, 'Amy Chen', '女', '1997-06-12', '0925254812', '新竹市中山區樂群二路57號', 'amy@google.com', 'amy123', 'memberid_67.jpg', 'true', '', '2020-07-07 15:45:19', '2020-07-07 15:48:08'),
(69, '訪客', '男', '2020-01-01', '請輸入連絡電話', '請輸入地址', '1111', '1111', 'tmp.jpg', 'true', '', '2020-07-08 11:50:48', '2020-07-08 11:50:48'),
(70, '迷失的文青', '男', '2020-01-01', '請輸入連絡電話', '請輸入地址', '666', '666', 'tmp.jpg', 'true', '', '2020-07-08 12:19:42', '2020-07-08 12:19:42'),
(71, '文青', '男', '2020-01-01', '請輸入連絡電話', '請輸入地址', '555', '123456', 'tmp.jpg', 'true', '', '2020-07-08 13:42:32', '2020-07-08 13:42:32'),
(72, 'Ann', '女', '2000-06-29', '0925254812', '新竹市中山區樂群二路57號', 'annchen@gmail.com', '123456789', 'memberid_72.jpg', 'true', '', '2020-07-08 13:56:20', '2020-07-08 14:17:27'),
(73, '文青', '男', '2020-01-01', '請輸入連絡電話', '請輸入地址', 'zenoah82000@gmail.com', '123456', 'tmp.jpg', 'true', 'wj252', '2020-07-08 18:23:19', '2020-07-08 18:53:13'),
(74, '文青', '男', '2020-01-01', '請輸入連絡電話', '請輸入地址', 'zenoah82000@gmail.com', '123456', 'tmp.jpg', 'true', '', '2020-07-09 11:19:34', '2020-07-09 11:19:34'),
(78, '文青', '男', '2020-01-01', '請輸入連絡電話', '請輸入地址', '123', '456', 'tmp.jpg', 'true', '', '2020-07-10 08:30:22', '2020-07-10 08:30:22'),
(80, 'DAVID', '女', '2020-07-15', '0977777777', ' 台北市內湖路一段222巷22弄22號2樓', 'kengp6@gmail.com', '123456', 'memberid_80.jpg', 'true', 'wj252', '2020-07-10 09:42:09', '2020-07-10 09:44:40');

-- --------------------------------------------------------

--
-- 資料表結構 `multiple_imgs`
--

CREATE TABLE `multiple_imgs` (
  `imgId` int(11) NOT NULL COMMENT '流水號',
  `productImgs` varchar(100) COLLATE utf8mb4_unicode_ci NOT NULL COMMENT '圖片名稱',
  `img_description` varchar(100) COLLATE utf8mb4_unicode_ci NOT NULL COMMENT '圖片描述',
  `productId` int(11) NOT NULL COMMENT '商品編號',
  `created_at` datetime NOT NULL DEFAULT current_timestamp() COMMENT '新增時間',
  `updated_at` datetime NOT NULL DEFAULT current_timestamp() ON UPDATE current_timestamp() COMMENT '更新時間'
) ENGINE=InnoDB DEFAULT CHARSET=utf8mb4 COLLATE=utf8mb4_unicode_ci COMMENT='商品圖片';

--
-- 傾印資料表的資料 `multiple_imgs`
--

INSERT INTO `multiple_imgs` (`imgId`, `productImgs`, `img_description`, `productId`, `created_at`, `updated_at`) VALUES
(14, 'product_1_1.jpg', '讓味道挑惕的你，慢慢調配出專屬於你獨一無二的味道', 1, '2020-04-28 14:54:29', '2020-07-06 16:29:28'),
(15, 'product_1_2.jpg', '店內多達70幾種味道可供選擇', 1, '2020-04-28 14:54:29', '2020-07-06 16:31:29'),
(19, 'product_15_2.jpg', '', 15, '2020-05-05 14:22:13', '2020-07-06 17:44:28'),
(25, 'product_16_1.jpg', '', 16, '2020-05-05 14:32:03', '2020-07-06 17:44:37'),
(26, 'product_16_2.jpg', '', 16, '2020-05-05 14:32:03', '2020-07-06 17:44:43'),
(28, 'product_17_1.jpg', '', 17, '2020-05-05 14:48:07', '2020-07-06 17:45:06'),
(29, 'product_17_2.jpg', '', 17, '2020-05-05 14:48:07', '2020-07-06 17:45:02'),
(30, 'product_32_1.jpg', '', 32, '2020-05-05 14:50:40', '2020-07-06 17:53:31'),
(32, 'product_32_2.jpg', '', 32, '2020-05-05 14:50:40', '2020-07-06 17:53:38'),
(33, 'product_18_2.jpg', '', 18, '2020-05-05 14:52:11', '2020-07-06 17:45:40'),
(34, 'product_18_1.jpg', '', 18, '2020-05-05 14:52:11', '2020-07-06 17:45:35'),
(36, 'product_19_2.jpg', '', 19, '2020-05-05 14:53:18', '2020-07-06 17:45:52'),
(37, 'product_19_1.jpg', '', 19, '2020-05-05 14:53:18', '2020-07-06 17:45:45'),
(39, 'product_20_1.jpg', '', 20, '2020-05-05 14:54:53', '2020-07-06 17:46:08'),
(40, 'product_20_2.jpg', '', 20, '2020-05-05 14:54:53', '2020-07-06 17:46:18'),
(41, 'product_21_2.jpg', '', 21, '2020-05-05 14:56:38', '2020-07-06 17:46:32'),
(42, 'product_21_1.jpg', '', 21, '2020-05-05 14:56:38', '2020-07-06 17:46:25'),
(43, 'product_40_1.jpg', '', 40, '2020-05-05 14:56:40', '2020-07-06 17:56:18'),
(44, 'product_40_2.jpg', '', 40, '2020-05-05 14:56:40', '2020-07-06 17:56:23'),
(45, 'product_26_2.jpg', '', 26, '2020-05-05 14:57:48', '2020-07-06 17:48:56'),
(46, 'product_26_1.jpg', '', 26, '2020-05-05 14:57:48', '2020-07-06 17:48:47'),
(47, 'product_22_1.jpg', '', 22, '2020-05-05 14:59:02', '2020-07-06 17:46:39'),
(48, 'product_30_2.jpg', '', 30, '2020-05-05 15:00:03', '2020-07-06 17:53:11'),
(49, 'product_30_1.jpg', '', 30, '2020-05-05 15:00:03', '2020-07-06 17:53:02'),
(50, 'product_22_2.jpg', '', 22, '2020-05-05 15:00:18', '2020-07-06 18:35:32'),
(51, 'product_23_2.jpg', '', 23, '2020-05-05 15:00:18', '2020-07-06 17:46:55'),
(52, 'product_23_1.jpg', '', 23, '2020-05-05 15:00:18', '2020-07-06 17:46:50'),
(53, 'product_24_2.jpg', '', 24, '2020-05-05 15:01:27', '2020-07-06 17:47:14'),
(54, 'product_24_1.jpg', '', 24, '2020-05-05 15:01:27', '2020-07-06 17:47:09'),
(55, 'product_31_2.jpg', '', 31, '2020-05-05 15:01:53', '2020-07-06 17:53:22'),
(56, 'product_31_1.jpg', '', 31, '2020-05-05 15:01:53', '2020-07-06 17:53:16'),
(57, 'product_25_2.jpg', '', 25, '2020-05-05 15:02:21', '2020-07-06 17:48:05'),
(58, 'product_25_1.jpg', '', 25, '2020-05-05 15:02:21', '2020-07-06 17:47:22'),
(59, 'product_45_2.jpg', '', 45, '2020-05-05 15:02:32', '2020-07-06 17:56:42'),
(60, 'product_45_1.jpg', '', 45, '2020-05-05 15:02:32', '2020-07-06 17:56:36'),
(61, 'product_33_1.jpg', '', 33, '2020-05-05 15:02:38', '2020-07-06 17:53:48'),
(62, 'product_33_2.jpg', '', 33, '2020-05-05 15:02:38', '2020-07-06 17:53:56'),
(63, 'product_46_2.jpg', '', 46, '2020-05-05 15:03:06', '2020-07-06 17:56:50'),
(65, 'product_46_1.jpg', '', 46, '2020-05-05 15:03:06', '2020-07-06 17:56:46'),
(66, 'product_28_2.jpg', '', 28, '2020-05-05 15:03:28', '2020-07-06 17:52:56'),
(67, 'product_28_1.jpg', '', 28, '2020-05-05 15:03:28', '2020-07-06 17:52:50'),
(68, 'product_34_1.jpg', '', 34, '2020-05-05 15:03:28', '2020-07-06 17:54:02'),
(69, 'product_34_2.jpg', '', 34, '2020-05-05 15:03:28', '2020-07-06 17:54:11'),
(70, 'product_36_2.jpg', '', 36, '2020-05-05 15:04:10', '2020-07-06 17:55:56'),
(71, 'product_36_1.jpg', '', 36, '2020-05-05 15:04:10', '2020-07-06 17:55:51'),
(72, 'product_39_2.jpg', '', 39, '2020-05-05 15:04:56', '2020-07-06 17:56:14'),
(73, 'product_39_1.jpg', '', 39, '2020-05-05 15:04:56', '2020-07-06 17:56:08'),
(110, 'product_3_3.jpg', '帶上你的情人、朋友，一起來做一個屬於自己香味的蠟燭吧！', 3, '2020-07-06 16:11:39', '2020-07-06 17:05:32'),
(111, 'product_3_2.jpg', '在微微燭光下替另一半按摩，或是享受一個人沈澱的時光', 3, '2020-07-06 16:11:39', '2020-07-06 17:04:31'),
(112, 'product_3_1.jpg', '生活，原來也可以如此愜意！', 3, '2020-07-06 16:11:39', '2020-07-06 17:05:23'),
(113, 'product_2_1.jpg', '工業風擴香乾燥花，搭配我們利用石膏製作的工業風盆器', 2, '2020-07-06 16:26:09', '2020-07-06 16:33:44'),
(114, 'product_2_2.jpg', '快來配置一盆屬於您獨一無二的擴香乾燥花盆吧！', 2, '2020-07-06 16:26:09', '2020-07-06 16:33:42'),
(116, 'product_4_1.jpg', '挑選自己喜歡的精油，構築獨特的能量花園', 4, '2020-07-06 17:07:20', '2020-07-06 17:07:20'),
(117, 'product_4_2.jpg', '看著美美的蠟燭，心情都因此好了起來。', 4, '2020-07-06 17:07:20', '2020-07-06 17:07:20'),
(118, '	\r\nproduct_5_1.jpg', '下班後回到家，這是一個自己最能放鬆的空間', 5, '2020-07-06 17:10:10', '2020-07-06 17:10:10'),
(119, '	\r\nproduct_5_2.jpg', '讓手作老師帶著你，一起手作完成', 5, '2020-07-06 17:10:10', '2020-07-06 17:10:10'),
(120, 'product_6_1.jpg', '這段放空享受氣味的時光，讓人重拾感官的自在，像走進森林或花園裡一般去撿拾。', 6, '2020-07-06 17:10:10', '2020-07-06 17:10:10'),
(121, 'product_6_2.jpg', '兩小時中，我們將在香氣裡放鬆', 6, '2020-07-06 17:10:10', '2020-07-06 17:10:10'),
(122, 'product_7_1.jpg', '', 7, '2020-07-06 17:40:05', '2020-07-06 17:40:05'),
(123, 'product_7_2.jpg', '', 7, '2020-07-06 17:40:05', '2020-07-06 17:40:05'),
(124, 'product_8_1.jpg', '', 8, '2020-07-06 17:40:05', '2020-07-06 17:40:05'),
(125, 'product_8_2.jpg', '', 8, '2020-07-06 17:40:05', '2020-07-06 17:40:05'),
(126, 'product_9_1.jpg', '', 9, '2020-07-06 17:40:05', '2020-07-06 17:40:05'),
(127, 'product_9_2.jpg', '', 9, '2020-07-06 17:40:05', '2020-07-06 17:40:05'),
(128, 'product_10_1.jpg', '', 10, '2020-07-06 17:42:46', '2020-07-06 17:42:46'),
(129, 'product_10_2.jpg', '', 10, '2020-07-06 17:42:46', '2020-07-06 17:42:46'),
(130, 'product_11_1.jpg', '', 11, '2020-07-06 17:42:46', '2020-07-06 17:42:46'),
(131, 'product_11_2.jpg', '', 11, '2020-07-06 17:42:46', '2020-07-06 17:42:46'),
(132, 'product_12_1.jpg', '', 12, '2020-07-06 17:42:46', '2020-07-06 17:42:46'),
(133, 'product_12_2.jpg', '', 12, '2020-07-06 17:42:46', '2020-07-06 17:42:46'),
(134, 'product_13_1.jpg', '', 13, '2020-07-06 17:42:46', '2020-07-06 17:42:46'),
(135, 'product_13_2.jpg', '', 13, '2020-07-06 17:42:46', '2020-07-06 17:42:46'),
(136, 'product_14_1.jpg', '', 14, '2020-07-06 17:42:46', '2020-07-06 17:42:46'),
(137, 'product_14_2.jpg', '', 14, '2020-07-06 17:42:46', '2020-07-06 17:42:46'),
(138, 'product_15_1.jpg', '', 15, '2020-07-06 17:43:55', '2020-07-06 17:44:21'),
(139, 'product_27_1.jpg', '', 27, '2020-07-06 17:50:47', '2020-07-06 17:50:47'),
(140, 'product_27_2.jpg', '', 27, '2020-07-06 17:50:47', '2020-07-06 17:50:47'),
(141, 'product_29_1.jpg', '', 29, '2020-07-06 17:50:47', '2020-07-06 17:50:47'),
(142, 'product_29_2.jpg', '', 29, '2020-07-06 17:50:47', '2020-07-06 17:50:47'),
(143, 'product_35_2.jpg', '', 35, '2020-07-06 17:55:23', '2020-07-06 17:55:46'),
(144, 'product_35_1.jpg', '', 35, '2020-07-06 17:55:23', '2020-07-06 17:55:23'),
(145, 'product_37_1.jpg', '', 37, '2020-07-06 17:55:23', '2020-07-06 17:55:23'),
(146, 'product_37_2.jpg', '', 37, '2020-07-06 17:55:23', '2020-07-06 17:55:23'),
(147, 'product_38_1.jpg', '', 38, '2020-07-06 17:55:23', '2020-07-06 17:55:23'),
(148, 'product_38_2.jpg', '', 38, '2020-07-06 17:55:23', '2020-07-06 17:55:23'),
(149, 'product_41_1.jpg', '', 41, '2020-07-06 17:58:09', '2020-07-06 17:58:09'),
(150, 'product_41_2.jpg', '', 41, '2020-07-06 17:58:09', '2020-07-06 17:58:09'),
(151, 'product_42_1.jpg', '', 42, '2020-07-06 17:58:09', '2020-07-06 17:58:09'),
(152, 'product_42_2.jpg', '', 42, '2020-07-06 17:58:09', '2020-07-06 17:58:09'),
(153, 'product_43_1.jpg', '', 43, '2020-07-06 17:58:09', '2020-07-06 17:58:09'),
(154, 'product_43_2.jpg', '', 43, '2020-07-06 17:58:09', '2020-07-06 17:58:09'),
(155, 'product_44_1.jpg', '', 44, '2020-07-06 17:58:09', '2020-07-06 17:58:09'),
(156, 'product_44_2.jpg', '', 44, '2020-07-06 17:58:09', '2020-07-06 17:58:09');

-- --------------------------------------------------------

--
-- 資料表結構 `orderlist`
--

CREATE TABLE `orderlist` (
  `orderListId` int(10) NOT NULL COMMENT '流水號',
  `orderId` varchar(20) COLLATE utf8mb4_unicode_ci NOT NULL COMMENT '訂單編號',
  `memberId` int(10) NOT NULL COMMENT '會員ID',
  `coupon` varchar(20) COLLATE utf8mb4_unicode_ci NOT NULL COMMENT '優惠券',
  `discount` int(10) NOT NULL COMMENT '折扣',
  `orderTotal` int(10) NOT NULL COMMENT '訂單總額',
  `paymentTotal` int(20) NOT NULL COMMENT '付款金額',
  `paymentTypeId` varchar(20) COLLATE utf8mb4_unicode_ci NOT NULL COMMENT '付款方式',
  `contact` varchar(20) COLLATE utf8mb4_unicode_ci NOT NULL COMMENT '聯絡人',
  `mobile` varchar(20) COLLATE utf8mb4_unicode_ci NOT NULL COMMENT '連絡電話',
  `email` varchar(50) COLLATE utf8mb4_unicode_ci NOT NULL COMMENT '信箱',
  `created_at` datetime NOT NULL DEFAULT current_timestamp() COMMENT '建立時間',
  `updated_at` datetime NOT NULL DEFAULT current_timestamp() COMMENT '更新時間'
) ENGINE=InnoDB DEFAULT CHARSET=utf8mb4 COLLATE=utf8mb4_unicode_ci;

--
-- 傾印資料表的資料 `orderlist`
--

INSERT INTO `orderlist` (`orderListId`, `orderId`, `memberId`, `coupon`, `discount`, `orderTotal`, `paymentTotal`, `paymentTypeId`, `contact`, `mobile`, `email`, `created_at`, `updated_at`) VALUES
(144, 'O20206400145', 60, '', 0, 200, 0, '2', '王曉明', '0912332112', 'kengp6@gmail.com', '2020-07-04 19:22:18', '2020-07-04 19:22:18'),
(145, 'O20206400146', 60, '', 0, 200, 0, '2', '王曉明', '0912332112', 'kengp6@gmail.com', '2020-07-04 20:43:01', '2020-07-04 20:43:01'),
(146, 'O20206400147', 60, 'MotherDay', 230, 1000, 770, 'MasterCard', '王曉明', '0912332112', 'kengp6@gmail.com', '2020-07-04 21:23:37', '2020-07-04 21:23:37'),
(147, 'O20206400148', 60, '', 0, 600, 600, 'VISA', '王曉明', '0912332112', 'kengp6@gmail.com', '2020-07-04 21:25:22', '2020-07-04 21:25:22'),
(148, 'O20206500149', 60, '', 0, 600, 600, 'VISA', '王曉明', '0912332112', 'kengp6@gmail.com', '2020-07-05 23:43:23', '2020-07-05 23:43:23'),
(149, 'O20206600150', 60, '', 0, 200, 200, 'VISA', '王曉明', '0912332112', 'kengp6@gmail.com', '2020-07-06 14:36:41', '2020-07-06 14:36:41'),
(150, 'O20206600151', 60, '', 0, 200, 200, 'MasterCard', '王曉明', '0912332112', 'kengp6@gmail.com', '2020-07-06 14:57:42', '2020-07-06 14:57:42'),
(151, 'O20206600152', 60, '', 0, 1180, 1180, 'VISA', '王曉明', '0912332112', 'kengp6@gmail.com', '2020-07-06 14:59:03', '2020-07-06 14:59:03'),
(152, 'O20206600153', 60, '', 0, 980, 980, 'VISA', '王曉明', '0912332112', 'kengp6@gmail.com', '2020-07-06 15:17:02', '2020-07-06 15:17:02'),
(153, 'O20206600154', 60, '', 0, 0, 0, 'VISA', '王曉明', '0912332112', 'kengp6@gmail.com', '2020-07-06 15:38:36', '2020-07-06 15:38:36'),
(154, 'O20206600155', 60, '', 0, 200, 200, 'VISA', 'dddd', '0922222222', 'dd@kk.cpm', '2020-07-06 16:07:55', '2020-07-06 16:07:55'),
(155, 'O20206600156', 60, '', 0, 4900, 4900, 'MasterCard', 'dddd', '0911111111', 'dd@kk.com', '2020-07-06 16:30:01', '2020-07-06 16:30:01'),
(156, 'O20206600157', 60, '', 0, 1280, 1280, 'VISA', '王曉明', '0912332112', 'kengp6@gmail.com', '2020-07-06 16:36:32', '2020-07-06 16:36:32'),
(157, 'O20206600158', 60, '', 0, 1000, 1000, 'VISA', '王曉明', '0912332112', 'kengp6@gmail.com', '2020-07-06 16:39:09', '2020-07-06 16:39:09'),
(158, 'O20206600159', 60, '', 0, 1050, 1050, 'VISA', '王曉明', '0912332112', 'kengp6@gmail.com', '2020-07-06 18:19:16', '2020-07-06 18:19:16'),
(159, 'O20206700160', 60, '', 0, 1500, 1500, 'MasterCard', '王曉明', '0912332112', 'kengp6@gmail.com', '2020-07-07 11:39:35', '2020-07-07 11:39:35'),
(160, 'O20206700161', 60, '', 0, 5910, 5910, 'MasterCard', '王曉明', '0912332112', 'kengp6@gmail.com', '2020-07-07 12:18:26', '2020-07-07 12:18:26'),
(161, 'O20206700162', 60, '', 0, 2380, 2380, 'VISA', '王曉明', '0912332112', 'kengp6@gmail.com', '2020-07-07 12:20:56', '2020-07-07 12:20:56'),
(162, 'O20206700163', 60, '', 0, 1180, 1180, 'VISA', '王曉明', '0912332112', 'kengp6@gmail.com', '2020-07-07 12:34:18', '2020-07-07 12:34:18'),
(163, 'O20206700164', 60, '', 0, 1180, 1180, 'VISA', '王曉明', '0912332112', 'kengp6@gmail.com', '2020-07-07 13:05:09', '2020-07-07 13:05:09'),
(164, 'O20206700165', 60, '', 0, 980, 980, 'VISA', '王曉明', '0912332112', 'kengp6@gmail.com', '2020-07-07 13:20:28', '2020-07-07 13:20:28'),
(165, 'O20206700166', 60, '', 0, 980, 980, 'VISA', '王曉明', '0912332112', 'kengp6@gmail.com', '2020-07-07 14:59:56', '2020-07-07 14:59:56'),
(166, 'O20206700167', 67, '', 0, 750, 750, 'VISA', 'ChenAmy', '0922222222', 'amy@google.com', '2020-07-07 16:06:00', '2020-07-07 16:06:00'),
(167, 'O20206700168', 67, '', 0, 1180, 1180, 'VISA', 'ChenAmy', '0911111111', 'amy@google.com', '2020-07-07 16:19:26', '2020-07-07 16:19:26'),
(168, 'O20206700169', 67, 'July', 156, 680, 524, 'VISA', 'ChenAmy', '0911111111', 'gdd@fffff.com', '2020-07-07 16:45:57', '2020-07-07 16:45:57'),
(169, 'O20206800170', 60, '', 0, 2920, 2920, 'VISA', '王曉明', '0912332112', 'kengp6@gmail.com', '2020-07-08 10:45:06', '2020-07-08 10:45:06'),
(170, 'O20206800171', 60, 'July', 156, 680, 524, 'MasterCard', '王曉明', '0912332112', 'aw_22456@yahoo.com.tw', '2020-07-08 11:03:04', '2020-07-08 11:03:04'),
(171, 'O20206800172', 60, '', 0, 250, 250, 'VISA', '王曉明', '0912332112', 'kengp6@gmail.com', '2020-07-08 11:17:07', '2020-07-08 11:17:07'),
(172, 'O20206800173', 60, '', 0, 680, 680, 'VISA', '王曉明', '0912332112', 'kengp6@gmail.com', '2020-07-08 11:24:56', '2020-07-08 11:24:56'),
(173, 'O20206800174', 60, '', 0, 680, 680, 'VISA', '王曉明', '0912332112', 'kengp6@gmail.com', '2020-07-08 11:33:56', '2020-07-08 11:33:56'),
(174, 'O20206800175', 60, '', 0, 650, 650, 'VISA', '王曉明', '0912332112', 'mfee07annlee@gmail.com', '2020-07-08 12:07:07', '2020-07-08 12:07:07'),
(175, 'O20206800176', 60, '', 0, 650, 650, 'VISA', '王曉明', '0912332112', 'mfee07annlee@gmail.com', '2020-07-08 12:07:25', '2020-07-08 12:07:25'),
(176, 'O20206800177', 60, '', 0, 680, 680, 'VISA', '王曉明', '0912332112', 'mfee07annlee@gmail.com', '2020-07-08 12:08:25', '2020-07-08 12:08:25'),
(177, 'O20206800178', 67, 'July', 945, 4110, 3165, 'MasterCard', 'ChenAmy', '0911111111', 'amy@google.com', '2020-07-08 12:13:23', '2020-07-08 12:13:23'),
(178, 'O20206800179', 67, 'Rape', 143, 650, 507, 'VISA', 'ChenAmy', '0911111111', 'amy@google.com', '2020-07-08 12:33:49', '2020-07-08 12:33:49'),
(179, 'O20206800180', 67, '', 0, 1500, 1500, 'VISA', 'ChenAmy', '0911111111', 'amy@google.com', '2020-07-08 12:44:23', '2020-07-08 12:44:23'),
(180, 'O20206800181', 63, '', 0, 1180, 1180, 'MasterCard', 'JoJo', '0988123456', 'justdoit1990@gmail.com', '2020-07-08 13:41:20', '2020-07-08 13:41:20'),
(181, 'O20206800182', 63, 'Barrel', 308, 750, 443, 'MasterCard', 'JoJo', '0983000100', 'justdoit1990@gmail.com', '2020-07-08 13:43:03', '2020-07-08 13:43:03'),
(182, 'O20206800183', 72, 'VideoGame', 306, 680, 374, 'VISA', 'ChenArile', '0911111111', 'mfee07annlee@gmail.com', '2020-07-08 14:03:41', '2020-07-08 14:03:41'),
(183, 'O20206800184', 72, '', 0, 2510, 2510, 'VISA', 'ChenArile', '0911111111', 'mfee07ann@gmail.com', '2020-07-08 14:08:51', '2020-07-08 14:08:51'),
(184, 'O20206800185', 67, 'Barrel', 1009, 2460, 1451, 'MasterCard', 'ChenAmy', '0911111111', 'amy@google.com', '2020-07-08 14:14:21', '2020-07-08 14:14:21'),
(185, 'O20206800186', 60, '', 0, 10200, 10200, 'VISA', '王曉明', '0912332112', 'kengp6@gmail.com', '2020-07-08 14:17:58', '2020-07-08 14:17:58'),
(186, 'O20206800187', 72, '', 0, 1500, 1500, 'VISA', 'ChenAnn', '0922222222', 'amy@google.com', '2020-07-08 14:23:07', '2020-07-08 14:23:07'),
(187, 'O20206800188', 60, '', 0, 680, 680, 'VISA', '王曉明', '0912332112', 'kengp6@gmail.com', '2020-07-08 14:23:19', '2020-07-08 14:23:19'),
(188, 'O20206800189', 60, '', 0, 2000, 2000, 'VISA', '王曉明', '0912332112', 'kengp6@gmail.com', '2020-07-08 14:29:02', '2020-07-08 14:29:02'),
(189, 'O20206800190', 63, 'HundredFlowers', 43, 250, 208, 'VISA', 'JoJo', '0983000000', 'justdoit1990@gmail.com', '2020-07-08 14:30:01', '2020-07-08 14:30:01'),
(190, 'O20206800191', 60, '', 0, 680, 680, 'VISA', '王曉明', '0912332112', 'kengp6@gmail.com', '2020-07-08 14:30:52', '2020-07-08 14:30:52'),
(191, 'O20206800192', 60, '', 0, 1660, 1660, 'VISA', '王曉明', '0912332112', 'kengp6@gmail.com', '2020-07-08 14:50:32', '2020-07-08 14:50:32'),
(192, 'O20206800193', 60, '', 0, 250, 250, 'VISA', '王小', '0912332112', 'kengp6@gmail.com', '2020-07-08 15:02:45', '2020-07-08 15:02:45'),
(193, 'O20206800194', 60, '', 0, 680, 680, 'VISA', '王曉明', '0912332112', 'kengp6@gmail.com', '2020-07-08 15:06:24', '2020-07-08 15:06:24'),
(194, 'O20206800195', 60, '', 0, 250, 250, 'VISA', '王曉明', '0912332112', 'kengp6@gmail.com', '2020-07-08 15:18:11', '2020-07-08 15:18:11'),
(195, 'O20206800196', 60, '', 0, 680, 680, 'VISA', '王曉明', '0912332112', 'kengp6@gmail.com', '2020-07-08 15:21:09', '2020-07-08 15:21:09'),
(196, 'O20206800197', 60, '', 0, 930, 930, 'MasterCard', '王曉明', '0912332112', 'kengp6@gmail.com', '2020-07-08 15:21:56', '2020-07-08 15:21:56'),
(197, 'O20206800198', 60, '', 0, 680, 680, 'VISA', '王曉明', '0912332112', 'kengp6@gmail.com', '2020-07-08 15:23:40', '2020-07-08 15:23:40'),
(198, 'O20206800199', 60, '', 0, 680, 680, 'VISA', '王曉明', '0912332112', 'kengp6@gmail.com', '2020-07-08 15:29:00', '2020-07-08 15:29:00'),
(199, 'O20206800200', 60, '', 0, 680, 680, 'VISA', '王曉明', '0912332112', 'kengp6@gmail.com', '2020-07-08 15:33:27', '2020-07-08 15:33:27'),
(200, 'O20206800201', 60, '', 0, 680, 680, 'VISA', '王曉明', '0912332112', 'kengp6@gmail.com', '2020-07-08 15:40:01', '2020-07-08 15:40:01'),
(201, 'O20206800202', 60, '', 0, 680, 680, 'VISA', '王曉明', '0912332112', 'kengp6@gmail.com', '2020-07-08 15:43:02', '2020-07-08 15:43:02'),
(202, 'O20206800203', 60, '', 0, 250, 250, 'VISA', '王曉明', '0912332112', 'kengp6@gmail.com', '2020-07-08 15:56:01', '2020-07-08 15:56:01'),
(203, 'O20206800204', 60, '', 0, 250, 250, 'VISA', '王曉明', '0912332112', 'kengp6@gmail.com', '2020-07-08 15:58:01', '2020-07-08 15:58:01'),
(204, 'O20206800205', 60, '', 0, 250, 250, 'VISA', '王曉明', '0912332112', 'kengp6@gmail.com', '2020-07-08 15:58:19', '2020-07-08 15:58:19'),
(205, 'O20206800206', 60, '', 0, 250, 250, 'VISA', '王曉明', '0912332112', 'kengp6@gmail.com', '2020-07-08 16:00:57', '2020-07-08 16:00:57'),
(206, 'O20206800207', 60, '', 0, 680, 680, 'VISA', '王曉明', '0912332112', 'kengp6@gmail.com', '2020-07-08 16:05:40', '2020-07-08 16:05:40'),
(207, 'O20206800208', 60, '', 0, 980, 980, 'VISA', '王曉明', '0912332112', 'kengp6@gmail.com', '2020-07-08 16:07:53', '2020-07-08 16:07:53'),
(208, 'O20206800209', 60, '', 0, 550, 550, 'MasterCard', '王曉明', '0912332112', 'kengp6@gmail.com', '2020-07-08 16:09:47', '2020-07-08 16:09:47'),
(209, 'O20206800210', 60, '', 0, 2660, 2660, 'MasterCard', '王曉明', '0912332112', 'kengp6@gmail.com', '2020-07-08 16:12:46', '2020-07-08 16:12:46'),
(210, 'O20206800211', 60, '', 0, 250, 250, 'MasterCard', '王曉明', '0912332112', 'kengp6@gmail.com', '2020-07-08 16:21:50', '2020-07-08 16:21:50'),
(211, 'O20206800212', 60, '', 0, 1530, 1530, 'VISA', '王曉明', '0912332112', 'kengp6@gmail.com', '2020-07-08 16:24:19', '2020-07-08 16:24:19'),
(212, 'O20206800213', 60, '', 0, 1660, 1660, 'VISA', '王曉明', '0912332112', 'kengp6@gmail.com', '2020-07-08 16:37:33', '2020-07-08 16:37:33'),
(213, 'O20206800214', 60, '', 0, 2660, 2660, 'MasterCard', '王曉明', '0912332112', 'po_oqir@yahoo.com.tw', '2020-07-08 16:50:11', '2020-07-08 16:50:11'),
(214, 'O20206800215', 60, '', 0, 1980, 1980, 'MasterCard', '王曉明', '0912332112', 'kengp6@gmail.com', '2020-07-08 16:51:24', '2020-07-08 16:51:24'),
(215, 'O20206900216', 67, '', 0, 10380, 10380, 'VISA', '王曉明', '0933333322', 'kengp6@gmail.com', '2020-07-09 12:47:27', '2020-07-09 12:47:27'),
(216, 'O20206900217', 67, '', 0, 1180, 1180, 'VISA', '王曉明', '0912332112', 'e24971234@gmail.com', '2020-07-09 12:54:04', '2020-07-09 12:54:04'),
(217, 'O20206900218', 63, 'TriStimulus', 271, 1180, 909, 'MasterCard', '王曉明', '0912332112', 'kengp6@gmail.com', '2020-07-09 12:59:36', '2020-07-09 12:59:36'),
(218, 'O20206900219', 67, 'Rape', 356, 1620, 1264, 'MasterCard', 'ChenAmy', '0922222222', 'amy@google.com', '2020-07-09 13:20:36', '2020-07-09 13:20:36'),
(219, 'O20206900220', 67, '', 0, 16190, 16190, 'VISA', 'ddddd', '0912332112', 'kengp6@gmail.com', '2020-07-09 14:38:03', '2020-07-09 14:38:03'),
(220, 'O20206900221', 63, 'HundredFlowers', 201, 1180, 979, 'MasterCard', '王曉明', '0912332112', 'e24971234@gmail.com', '2020-07-09 14:47:34', '2020-07-09 14:47:34'),
(221, 'O20206900222', 67, '', 0, 3240, 3240, 'VISA', '王曉明', '0912332112', 'kengp6@gamil.com', '2020-07-09 22:55:10', '2020-07-09 22:55:10'),
(222, 'O20206900223', 67, '', 0, 1000, 1000, 'MasterCard', '王曉明', '0912332112', 'kengp6@gmail.com', '2020-07-09 22:58:28', '2020-07-09 22:58:28'),
(223, 'O202061000224', 67, '', 0, 9000, 9000, 'VISA', '王曉明', '0912332112', 'kengp6@gmail.com', '2020-07-10 00:51:19', '2020-07-10 00:51:19'),
(224, 'O202061000225', 67, '', 0, 2900, 2900, 'MasterCard', '王小名', '0912332112', 'kengp6@gmail.com', '2020-07-10 00:57:56', '2020-07-10 00:57:56'),
(225, 'O202061000226', 67, '', 0, 1620, 1620, 'VISA', '王曉明', '0912332112', 'kengp6@gmail.com', '2020-07-10 09:17:18', '2020-07-10 09:17:18'),
(226, 'O202061000227', 67, '', 0, 750, 750, 'VISA', 'rf', '0912332112', 'mfee07annlee@gmail.com', '2020-07-10 09:23:40', '2020-07-10 09:23:40'),
(227, 'O202061000228', 67, '', 0, 6800, 6800, 'VISA', '往曉明', '0912332112', 'kengp6@gmail.com', '2020-07-10 09:51:25', '2020-07-10 09:51:25'),
(228, 'O202061000229', 63, 'TriStimulus', 271, 1180, 909, 'MasterCard', '王曉明', '0912332112', 'e24971234@gmail.com', '2020-07-10 10:02:07', '2020-07-10 10:02:07');

-- --------------------------------------------------------

--
-- 資料表結構 `product`
--

CREATE TABLE `product` (
  `productId` int(10) NOT NULL COMMENT '商品ID',
  `productImg` varchar(100) COLLATE utf8mb4_unicode_ci NOT NULL COMMENT '商品圖片',
  `productName` varchar(100) COLLATE utf8mb4_unicode_ci NOT NULL COMMENT '商品名稱',
  `star` tinyint(10) NOT NULL COMMENT '評價1~5',
  `productPrice` int(10) NOT NULL COMMENT '商品金額',
  `productAmount` int(6) NOT NULL COMMENT '商品數量',
  `categoryId` int(10) NOT NULL COMMENT '	類別編號	',
  `productContent` text COLLATE utf8mb4_unicode_ci NOT NULL COMMENT '商品詳細描述',
  `productAddress` varchar(100) COLLATE utf8mb4_unicode_ci NOT NULL COMMENT '商品地址',
  `locationId` int(100) NOT NULL COMMENT '商品所在區域',
  `mapId` int(5) NOT NULL COMMENT '地圖ID',
  `productEndingDate` date NOT NULL COMMENT '商品結束日期',
  `companyId` int(10) NOT NULL COMMENT '廠商ID',
  `created_at` date NOT NULL DEFAULT current_timestamp() COMMENT '建立時間',
  `updated_at` datetime NOT NULL DEFAULT current_timestamp() ON UPDATE current_timestamp() COMMENT '更新時間',
  `category` varchar(225) COLLATE utf8mb4_unicode_ci NOT NULL,
  `lat` varchar(225) COLLATE utf8mb4_unicode_ci NOT NULL,
  `log` varchar(225) COLLATE utf8mb4_unicode_ci NOT NULL
) ENGINE=InnoDB DEFAULT CHARSET=utf8mb4 COLLATE=utf8mb4_unicode_ci;

--
-- 傾印資料表的資料 `product`
--

INSERT INTO `product` (`productId`, `productImg`, `productName`, `star`, `productPrice`, `productAmount`, `categoryId`, `productContent`, `productAddress`, `locationId`, `mapId`, `productEndingDate`, `companyId`, `created_at`, `updated_at`, `category`, `lat`, `log`) VALUES
(1, 'product_1.jpg', 'WISH TREE｜擴香瓶＆香氛蠟燭 DIY', 4, 1180, 50, 3, '在市面上眾多香氛品牌中，是否有種尋尋覓覓就是找不到自己想要的完美味道。WISH TREE 就是希望每個人進到 WISH TREE 的空間裡，除了手作的體驗外做重要是找尋到自己理想的味道～\r\n\r\n課程內容 │ 擴香瓶 & 香氛蠟燭 DIY \r\n\r\n現場準備 70 幾種香氛精油，就是要讓味道挑惕的你，慢慢調配出專屬於你獨一無二的味道。為你的她 / 他慢慢調配出屬於你們倆專屬的味道是不是另一種浪漫的認定。這也不失一個送禮的好選項喔\r\n\r\n－怎麼調香－ \r\n\r\n店內多達70幾種味道可供選擇，課程一開始老師會先與學員溝通喜歡的香調，可以從過往喜歡的香氛中做推薦。如果是沒有獨愛特定香氛的學員，老師會請學員慢慢聞，把喜歡的味道都選出來後，再由老師給與建議或者是學員自由發揮做搭配\r\n\r\n－香氛類別－\r\n\r\n果香、花香、木質、草、辛香，共 5 大類別\r\n\r\n－課程內容－\r\n\r\n材料介紹 \r\n香氛介紹 \r\n品香及調香 \r\n前中後調調製 \r\n擴香瓶 / 香氛蠟燭製作 禮盒包裝', '台北市大安區忠孝東路四段205巷26弄1-2號', 6, 0, '2020-09-30', 0, '2020-07-01', '2020-07-07 12:11:00', '手作課程', '25.0432883', '121.5494872'),
(2, 'product_2.jpg', '下班手作｜工業風擴香乾燥花', 4, 750, 30, 3, '工業風擴香乾燥花，搭配我們利用石膏製作的工業風盆器，與手作設計師精心嚴選的主花索拉花與各式各樣的配花乾燥花，組合起來非常漂亮，我們還會給予精油，滴在索拉花上具有擴香效果，在視覺與嗅覺給您不同的饗宴，很適合插花初體驗，快來配置一盆屬於您獨一無二的擴香乾燥花盆吧！', '台北市大同區長安西路', 6, 0, '2020-08-23', 0, '2020-07-01', '2020-07-07 12:11:10', '手作課程', '25.0515204', '121.5120416'),
(3, 'product_3.jpg', 'eye candle 親手調製你的品味生活 ', 4, 680, 50, 3, '天然花草香氛按摩蠟燭\r\n\r\n總覺得平時壓力大無處緩解，想在家徹底放鬆嗎？eye candle 準備了花草精油按摩蠟燭，搭上精選芳香宜人的的四款香氛精油，加入數種乾燥花材，配上大豆蠟，回家點上它，在微微燭光下替另一半按摩，或是享受一個人沈澱的時光，生活，原來也可以如此愜意！\r\n\r\n帶上你的情人、朋友，一起來做一個屬於自己香味的蠟燭吧！靜靜地感受心靈的沉靜，感受天然低溫大豆蠟的獨特觸感，彷彿洗去一天的疲憊... 香氛蠟燭不僅僅是只有照明、香氛舒壓的功用，它也是一個家飾、一種生活品味的呈現。等你來一起體驗它的獨特魅力！', '台北市大安區安居街 60 巷 4 號 B1', 6, 0, '2020-08-29', 0, '2020-07-01', '2020-07-08 14:10:55', '手作課程', '25.0200281', '121.5513507'),
(4, 'product_4.jpg', '下班手作｜黑曜石松果香氛蠟燭\r\n', 4, 850, 30, 3, '美美的黑曜石蠟燭，由碎片，小黑曜石，和大豆蠟製成的黑曜石柱，構築而成。搭配著松果與乾燥花，挑選自己喜歡的精油，構築獨特的能量花園\r\n\r\n什麼是黑曜石？\r\n\r\n黑曜石意喻為不再哭泣，幸福快樂，帶來幸福感的黑曜石具有淨化周邊負面磁場的能量，有助於消除身體疲勞與壓力，搭配著有著療癒能量的精油，因此我們想要打造心靈嗅覺與視覺的饗宴，除了磁場淨化，精油芬芳令人舒心外，看著美美的蠟燭，心情都因此好了起來。', '台北市萬華區漢口街二段', 6, 0, '2020-08-09', 0, '2020-07-01', '2020-07-07 12:11:13', '手作課程', '25.0456994', '121.5046068'),
(5, 'product_5.jpg', '下班手作｜鐵罐乾燥花香氛蠟燭', 4, 650, 40, 3, '下班後回到家，這是一個自己最能放鬆的空間，下班手作一直想讓這空間可以透過更多不同的方式，昇華到全新的維度，這一次我們帶著你，製作鐵罐乾燥花香氛蠟燭，透過香氛精油，滴在蠟燭裡面，放在居家室內，不燃燒也有著擴香的作用，即使放在不起眼的小角落，都能構成視覺嗅覺的饗宴，讓手作老師帶著你，一起手作完成，製作可以妝點自己家的收藏品', '台北市萬華區漢口街二段', 6, 0, '2020-08-22', 0, '2020-07-01', '2020-07-08 14:10:53', '手作課程', '25.0456994', '121.5046068'),
(6, 'product_6.jpg', '拾心聚落｜品調香體驗｜淡香水手作', 4, 1000, 20, 3, '跟著時節的脈動，我們在聚落品香、調香，像是一場與自己的小約會，以氣味記憶日子\r\n\r\n兩小時中，我們將在香氣裡放鬆。依序認識品香貼中 18 - 20 種主題精油，學習品香與調香基本流程。跟著 Poky 老師，以明亮美好的文字，引導穿梭在香氣流動之間，去感知氣味的美，親近自然。像首日子裡的小詩，輕輕帶著你經過。\r\n\r\n這段放空享受氣味的時光，讓人重拾感官的自在，像走進森林或花園裡一般去撿拾。末了，設計配方，實作出個人的天然淡香水。噴灑在肌膚上的天然淡香水，隨著時間改變，將有不同層次、細膩的香氣表現，與自己成為獨一無二的香氣印象。\r\n\r\n在夏天第一場風來之前，想用香氣收藏， 漫天花朵的春啊，青草細細碎碎的綠，或是無垠漂浮的黑夜...', '台北市松山區八德路三段 12 巷 51 弄 46 號 1 樓（ 拾心聚落 ）', 6, 0, '2020-07-15', 0, '2020-07-01', '2020-07-08 14:12:17', '手作課程', '25.0460166', '121.5500139'),
(7, 'product_7.jpg', 'The Flower Company｜自由花藝體驗坊', 5, 1500, 30, 4, '請抱著質樸的心來到 The Flower Company，讓花材成為玩伴，讓故事成為藝術。願你崇尚自由，願你善良奔放，願你的不設限，化作藝術隨之起舞。\r\n\r\n自由花藝課程：花圈 / TFC盆花\r\n\r\n在這場自由體驗坊中，The Flower Company 提供您四種乾花花藝品項選擇，把花與古希臘人對於自然的想像融進作品。用雙手和五感體驗花藝，過程中會由花藝師介紹簡單的花藝小知識、基本配色原理，可依照花藝師指導的原理，自由發揮，讓花藝呈現出原始的個人風格。讓從未接觸過花藝的朋友也能輕鬆入門，同時對視覺設計及花藝的應用有初步認識。', '台北市大安區臥龍街 263 號', 6, 0, '2020-08-28', 0, '2020-07-01', '2020-07-08 14:11:43', '手作課程', '25.0317021', '121.5423659'),
(8, 'product_8.jpg', '松果手感｜夢幻系手作乾燥花', 4, 980, 60, 4, '乾燥花正夯！在網美當道的世代，拍照或是家裡沒有放上一束美美的乾燥花束，可就少了點夢幻的氣味，松果手感為台北最具代表性的乾燥花手作教室之一，上課地點方便，京站、松菸，都可以看到他們設計得美輪美奐的櫃位，一人就可以上課的乾燥花課程，獨特的造型深富美感與設計，無論是送禮或是在家內裝飾，都是獨一無二的花束！\r\n\r\n乾燥花特色\r\n\r\n手作乾燥花禮，瓶中花、鍾罩花、花圈、花束、捧花，不同的花材與色系，有著不同的氣息，如同人一樣有著不同的個性，而每一枝花，又可以用不同的方式來呈現多元的樣貌，是多元的、實驗的、有趣的，透過設計師的經驗分享，讓這份美好分享給更多的人。\r\n\r\n只要有著一顆美麗的心，就可以創作出美的作品，無須經驗，也不須擔心自己美感是否足夠，設計師皆會共同協助創作出屬於自己獨一無二美美的作品。', '台北市大同區承德路一段', 6, 0, '2020-07-31', 0, '2020-07-01', '2020-07-08 14:21:37', '手作課程', '25.0493143', '121.5153017'),
(9, 'product_9.jpg', '微境瓶 - 創作我的秘密花園', 4, 1200, 50, 4, '輕輕用雙手捧起，透亮玻璃瓶中，是自己用心打造的微小世界。\r\n創作屬於自己的秘密花園，體驗一沙一世界，一花一天堂的感動。\r\n\r\n我們相信每個人都是獨一無二的創世者， 只要手持微工具組，就可以從無到有，訴說出一個個你想要傳達的微境故事。 不論是攀登高峰挑戰自我極限的場景，還是記憶中那個你與他 / 她最難以忘懷的甜蜜時刻。\r\n\r\n微境品的創作過程，是愉悅，是輕鬆，是療癒，是紓壓， 而將完成的微境品放在你日常生活的周遭， 偶而一瞥，你將發現到微境品那微小世界中的些許變化， 一點一滴都將帶給你更多生活中喜悅的剎那。\r\n\r\n體驗中，我們將先向你介紹微境瓶中的主角 — 苔蘚，再說明微境品的製作流程，最後再著手進行製作您專屬的微境瓶。這是一個不論你是 3 歲還是 108 歲，都可以開心投入這個微小世界！', '台北市民族西路 31 巷 2 號 1 樓', 6, 0, '2020-09-19', 0, '2020-07-01', '2020-07-08 14:10:48', '手作課程', '25.0688101', '121.5173637'),
(10, 'product_10.jpg', 'The Flower Company｜擴香花圈', 4, 1500, 20, 4, '花藝課程：擴香花圈\r\n\r\n以進階、好入手的花藝單品：以擴香花圈為課程主軸。以雙手與五感感官體驗花藝，讓初次的花藝課程輕鬆沒有壓力。課程當中也會由花藝師介紹簡單的花藝小知識、基本配色原理，讓從未接觸過花藝的朋友輕鬆入門，同時對視覺設計及花藝的應用有初步認識。', 'The Flower Company 工作室（台北市大安區臥龍街 263 號）', 6, 0, '2020-08-28', 0, '2020-07-01', '2020-07-08 14:10:45', '手作課程', '25.0187753', '121.5527977'),
(11, 'product_11.jpg', '莉朵花藝｜四季甜美盛開 - 不凋花花藝課', 4, 980, 20, 4, '美麗的花朵人人都愛，但是鮮花總無法長期保存，而乾燥花卻又失去了花朵鮮嫩的特性。不凋花的出現，同時揉合了鮮花與乾燥花的優點，讓愛花之士有了新的解答，在追求美感生活中，又多了一個新的選擇！\r\n\r\n永生之美 - 認識不凋花\r\n不凋花，又稱永生花，最初由法國於 1991 年研發生產，傳入日本後聲名大噪。一朵不凋花從製作到完成大約要數日或數月。將採集而來的鮮花在最美的時刻脱色、上保存液後上色並乾燥，讓鮮花裡原有的水份養份和保存液完全的交換，才能製作出一朵高品質的不凋花。\r\n\r\n莉朵花藝推出的不凋花應用課程，全部使用高品質的不凋花材，教授如何運用花材特性，完成漂亮花藝作品。如果你對花兒美麗的樣貌吸引，卻又不熟悉照顧的方法，或是對花粉過敏，那你一定不能錯過不凋花的花藝課程，將花朵染上美麗的夢幻色彩，精緻的成品，無論是擺在家中或送人都很合適。', '台北市大安區忠孝東路三段 217 巷 2 弄 11 號 1 樓', 6, 0, '2020-07-14', 0, '2020-07-01', '2020-07-07 12:11:17', '手作課程', '25.042499', '121.5382155'),
(12, 'product_12.jpg', '銀戀｜', 4, 1800, 20, 5, '專注，是一種要求，不需要語言的空間。誓言永久不變留在戒圍裡，套在手上的是約定，手環圈住未來，想起這段回憶的時候，想起我們。想在銀飾刻上他或她的名字，還是一句對自己說的話？\r\n\r\n每敲一下都顯得深刻，添入滿滿的祝福，是銀戀上府館對每一件作品的承諾。希望到來的每一位學員都能創作屬於自己紀念價值的銀飾。', '台南市安平區安北路 115 號之 1', 20, 0, '2020-07-31', 0, '2020-07-01', '2020-07-08 14:10:42', '手作課程', '23.0024281', '120.1615476'),
(13, 'product_13.jpg', 'yoyohand ｜金工體驗課｜打造質感銅銀手環・戒指', 4, 1225, 10, 5, '隨著老舊收音機播出的流行音樂\r\n隨著暖黃燈光營造的安定氛圍\r\n隨著敲打散出的金屬撞擊聲\r\n那不是刺耳的吵雜，\r\n而是內心的沈靜，不喧嘩。\r\n-\r\n生命如同手上飾戴的黃銅手環，\r\n你若要它越亮，\r\n就要越靜下心來，\r\n好好感受你給的每一下琢磨\r\n感受每一刻帶給自己的感動。', '新北市永和區安樂路 194 巷 23 號', 7, 0, '2020-08-31', 0, '2020-06-30', '2020-07-07 12:11:18', '手作課程', '25.0009401', '121.513849'),
(14, 'product_14.jpg', '木梁作｜酒瓶桌燈手作課｜微醺的燈', 4, 2200, 15, 5, '無論是設計美感獨特或是特別有紀念意義的酒瓶，往往都是讓人醉翁之意不在酒，酒喝完了空著的酒瓶也是彰顯寂寞，這時候，若是給酒瓶來個全能工藝大改造，就可以成為居家生活的一部分！\r\n一起來學習切開酒瓶，敲敲銅片及塑型，運用碳化或是3D木紋技法來改造木頭，無論是京都風還是鄉村風，還可以親自操作小型鑽床取孔木頭，將自己最愛的那隻酒變成獨一無二的酒瓶燈，搭配可調光的燈泡，讓微醺的燈光於銅花間流溢，光影與你對飲成三人，空氣裡飄著陣陣工藝香。\r\n\r\n親手製作的酒瓶桌燈，無論是新婚祝福還是入厝禮物，或是送給自己的成人禮，都是最誠摯溫暖的心意。', '台南市中西區大福街 36 巷 20 號（木梁作工作室）', 20, 0, '2020-08-31', 0, '2020-06-30', '2020-07-08 14:10:39', '手作課程', '22.9987639', '120.1920953'),
(15, 'product_15.jpg', '「在轉角 ‧ 玩金工」手作銀戒｜轉個彎', 3, 2280, 20, 5, '來到教室，不單單只教你做飾品，將從介紹 925 銀材料的誕生到完成作品，全程有專業又有熱忱的講師陪同指導，不藏私地協助你解答課程中所遇到的各種問題 ~\r\n\r\n而為了控管良好的體驗品質，每日最多八位學員，讓來到轉角的學員能不受時間的束縛，沉浸在材料與工具的互動中，不需要趕著做完，我們希望你能靜下心來好好享受過程，專注感受一下手工的溫度，體驗從無到有創作的成就感！\r\n\r\n另外，在製作過程中，如果你靈機一動想要來點不一樣的變化，那有什麼問題！我們會盡量滿足你的需求，找出最適合的加工方式來達成每個學員心目中的樣式，想要做出屬於自己獨一無二的飾品嗎，來轉角金工就對了！', '台北市大同區重慶北路一段 27 巷 10 號 2 樓（轉角金工）', 6, 0, '2020-09-30', 0, '2020-06-30', '2020-07-06 18:36:23', '手作課程', '25.0502021', '121.5117255'),
(16, 'product_16.jpg', 'Choccy Metal 敲敲金工｜手作法式優雅銀戒', 5, 1280, 20, 5, 'Choccy Metal 金工不只在新竹，交通方便的台北板橋店來了！全台唯一五鐵共構板橋車站2樓，到站即可上課，讓您的學習體驗更加方便，來 Choccy Metal 親手做一個永恆的禮物，無論是送給重要的人，或者作為送給自己的甜美紀念、生活當下的激勵，都會是一份很美好的禮物。用最真誠的心意，敲打出一份浪漫紀念，獻給最親愛的他 / 她吧！', '新北市板橋區縣民大道二段 7 號 2 樓', 7, 0, '2020-07-26', 0, '2020-06-30', '2020-07-08 14:33:06', '手作課程', '25.0142813', '121.4617024'),
(17, 'product_17.jpg\r\n', 'Choccy Metal 敲敲金工', 4, 1280, 15, 5, '來位於新竹老城區的 Choccy Metal  敲敲金工親手做一個永恆的禮物吧！無論是送給重要的人，或者作為送給自己的甜美紀念、生活當下的激勵，都會是一份很美好的禮物。用最真誠的心意，敲打出一份浪漫紀念，獻給最親愛的他 / 她吧！Choccy Metal  敲敲金工運用傳統工藝技法，透過一步步的專業細心教學，讓每位朋友都可以簡單上手，建構出專屬自己的禮物。\r\n\r\nChoccy Metal 敲敲金工位於新竹市百年老城區，在充滿歷史韻味的環境中手作代表永恆的銀飾吧！提供銀匠學員們一份精心準備的課後茶點，讓前來的姐妹們、情侶、慶祝結婚週年的夫妻等，都可透過一份學習饗宴，悠閒漫遊一個休閒時光，手作一份純銀禮物，讓任何值得慶祝的故事，都值得紀念...', '新竹市大同路 140 號', 12, 0, '2020-07-25', 0, '2020-06-30', '2020-07-08 14:10:37', '手作課程', '24.806405', '120.9654373'),
(18, 'product_18.jpg\r\n', '以覺學｜手作高質感戒指｜', 4, 2980, 20, 5, '是不是已經對外面大同小異的戒指款式感到厭倦了呢？\r\n\r\n以覺學推出了連品味獨到的挑剔鬼也想參與的手作課程，發掘你不安於室的個人特質。\r\n\r\n來到這邊只要簡單幾個小時，就能打造出自己獨一無二的戒指，我們一起帶著實驗的精神，感受創作的成就感吧！信仰工藝的價值、返璞歸真的生活，喜歡實驗精神嗎？想要實現自己創作、自己完成的成就感？跟著我們以直覺式的感性，來一趟不一樣的手作之旅吧！', '台北市中山區遼寧街 19 巷 23 號 1 樓（復興店）', 6, 0, '2020-09-28', 0, '2020-06-30', '2020-07-10 09:06:47', '手作課程', '25.116666', '121.5709674'),
(19, 'product_19.jpg\r\n', 'HSU & DAUGHTER - 極簡短夾系列', 4, 2980, 20, 6, 'HSU & DAUGHTER 皮件工作室\r\n\r\n提供一系列手縫皮革小物課程，讓想嘗試手作皮件，但沒有經驗和工具的人一個平易近人的入門體驗。在短短不到半天時間內，由專業老師指導，做出專屬於自己的皮件製品。\r\n\r\n嚴選歐美進口植鞣革，隨著時間使用，皮革顏色會越漸加深有光澤\r\n提供手作皮件所需使用的專業工具，並且有專業老師旁邊指導製作\r\n縫線顏色可現場自由選擇搭配，提供免費客製化的姓名、紀念字壓印，及禮物包裝服務', '台北市大安區羅斯福路三段 283 巷 14 弄 14 - 1 號', 6, 0, '2020-08-31', 0, '2020-06-30', '2020-07-07 12:11:23', '手作課程', '25.0182233', '121.5303977'),
(20, 'product_20.jpg\r\n', '森林的秘密｜文創皮革工藝｜質感識別證', 4, 880, 30, 6, '來一趟輕旅程，給自己一段靜謐的手作時光。前往森林的秘密一探究竟，用手作皮革開啟與自己的一段對話......\r\n\r\n質感識別證\r\n\r\n每天出門上班，最形影不離的就是識別證了。專心地製做出屬於自己的識別證，提醒自己工作時也務必保持專心一致、勇往直前！\r\n\r\n讓森林質感識別證陪你上下班！多種色款的材料供你選擇，自己選配出最喜歡的識別證，讓你在同事之間與眾不同！', '新竹市仁化街 5 號 2 樓', 12, 0, '2020-09-30', 0, '2020-06-30', '2020-07-08 14:10:30', '手作課程', '24.805018', '120.9623461'),
(21, 'product_21.jpg\r\n', '手作皮革，旅人精選課程', 3, 1800, 20, 6, '皮革的迷人之處在於長時間使用後會在表面上留下歲月感，每個人使用的方式而產生不同的感覺，使用一段時間後皮革的鞣制單寧酸會散發出專屬的色澤，觸摸也會增加光澤與柔軟度，皮件也會蛻變成專屬的配件。親手打造的包款除了自己使用，更能交付給你心愛的家人與朋友，以「唯你獨有」的方式，一針一線撰寫難以忘懷的故事與記憶。\r\n\r\n你也喜歡獨一無二嗎？那就來這裡為自己寫上一段關於皮革的故事吧！\r\n\r\n為什麼要手工做皮包？\r\n市售的包袋和手工包袋最大的差別在於手縫線的韌性比較強，包款會根據使用的方式增強細節的處理，像是收縫的程序或是一般常見的損壞磨損的地方，都會經由手工縫製額外的做加強的處裡，不只是包袋的精細度增加，也會讓包袋更堅固耐用，不輕易的被淘汰。\r\n\r\n材料好壞，自己最知道\r\n在皮質的選擇上，我們使用嚴選植物鞣劑鞣製而成的皮革，不含人體有危害的物質，是一種可用於與皮膚直接接觸的綠色環保皮革，皮革經過鞣製加脂後的皮革柔軟，成革纖維組織緊實，不論延伸性或是成型性都相對的好，而且板面豐滿富有彈性，無油膩感，革的粒面、絨面有光澤，吸水易變軟，可塑性容易整型，顏色從本色的淺肉粉色到淡褐色皆有，最適合用來使用在皮革工藝上。\r\n\r\n我們都知道，經典所以經典就是因為簡單、易於使用而深得大家的心，從設計概念開始、裁剪大張皮革到縫製、完成修邊，從無到有完成專屬包袋的成就感一定會比跟著潮流設計的時尚包更得你心！', '台北市承德路一段 69 巷 25 號一樓', 6, 0, '2020-08-23', 0, '2020-06-30', '2020-07-07 12:12:54', '手作課程', '25.0518698', '121.515971'),
(22, 'product_22.jpg\r\n', 'Be Two 手工皮件 ', 3, 459, 30, 6, '每次找了一堆零錢都沒處放嗎？\r\n\r\n來一個可愛小巧的零錢包吧 ~ 除了實用性佳外，也是非常適合新手學習手工皮革的入門一個品項，另外，還可以當作禮物送給家人朋友呢！\r\n零錢包：嚴選天然牛皮製作，透過二片牛皮縫合，以小體積創造大的放置空間 ~ 符合口袋大小攜帶方便，且開口大拿取硬幣不費力，約可放 10 元硬幣 20 枚左右，實用性高！\r\n鑰匙圈：嚴選天然植鞣革製成的真皮標籤，可當鑰匙圈使用，Be Two 設計還提供免費壓印，讓你製作出個人化鑰匙圈款式。\r\n名片夾：獨特斜角開口，方便取出名片，輕巧並且方便攜帶任何口袋之中，名片容量大約最多可放 10 張名片！\r\n拉鍊萬用零錢包：使用粉嫩嫩的色系、搭配細嫩羊皮，拿起來的手感果然特別不一樣！並可供手工壓印大寫英文字模，以個人化專屬姓名零錢包，獨家設計增加個人化設計感，送禮更獨特，更用心！！', '台中市西區民生路 368 巷 4 弄 10 號 1 樓', 14, 0, '2020-08-31', 0, '2020-06-30', '2020-07-08 14:33:16', '手作課程', '24.144663', '120.6606292'),
(23, 'product_23.jpg\r\n', '【慢木工・質感療癒小物】木刻動物之森', 4, 1500, 40, 7, '想要學習木雕卻又覺得不知如何開始？對於木雕充滿興趣卻又怕自己三分鐘熱度？那就先來參加輕木雕體驗活動吧！\r\n\r\n佩琪老師從事木雕創作已經超過 7 年，這次透過精心設計的輕木雕活動，讓沒有木雕經驗的你也可以按部就班完成作品，活動中除了學習雕刻刀用法之外，也會介紹木雕藝術家，與木雕創作等經驗分享，讓你不只學會技巧，連創作木雕的相關知識也一併帶走唷～\r\n木刻動物之森\r\n這次木刻動物之森的主題設計了多種動物，透過不同的雕刻手法，能夠表現出不同的紋理變化，當熟悉雕刻刀基本技巧之後，日後是無論針對任何主題也都能夠輕鬆上手呢！', '台北市大同區重慶北路三段 137 巷 2 號', 6, 0, '2020-08-30', 0, '2020-06-30', '2020-07-06 18:33:20', '手作課程', '25.0679463', '121.5119494'),
(24, 'product_24.jpg\r\n', '【獨自的青春 · 文青手作故事】', 4, 690, 30, 7, '獨自的青春 · 文青手作故事\r\n\r\n稍稍不同於以禮物為導向的作品，此系列將視角往後調整，定焦在「你」身上。\r\n\r\n以工業風為背景、以自己為主角呈現的短篇故事集，四種作品分別反應在青春期探索過程中的四種心境。不再只是單純的體驗，也是同時覺察自我的體現；保持青春期的懵懂、青澀，親手製作屬於自己現階段的作品並享受自己的故事吧！\r\n流浪者手機架\r\n《起始追尋的流浪》\r\n\r\n我們都曾想要流浪。\r\n\r\n卻害怕清楚，之所以叫做“流浪”；\r\n是因為想家。\r\n\r\n個性漂流木歷經過海漂洋，\r\n和美西側柏木架一起組裝，\r\n裝飾鉚釘親手敲打上。\r\n雷雕點綴一句信念小語。\r\n\r\n跟著你的思緒一同流浪。', '台北市鄭州路 83 巷 4 號', 6, 0, '2020-12-31', 0, '2020-06-30', '2020-07-08 14:10:27', '手作課程', '25.0500428', '121.5106531'),
(25, 'product_25.jpg\r\n', '【獨自的青春 · 文青手作故事】：桌燈系列', 4, 690, 30, 7, '獨自的青春 · 文青手作故事\r\n\r\n稍稍不同於以禮物為導向的作品，此系列將視角往後調整，定焦在「你」身上。\r\n\r\n以工業風為背景、以自己為主角呈現的短篇故事集，四種作品分別反應在青春期探索過程中的四種心境。不再只是單純的體驗，也是同時覺察自我的體現；保持青春期的懵懂、青澀，親手製作屬於自己現階段的作品並享受自己的故事吧！\r\n\r\n旅行者桌燈\r\n\r\n《紀念途中的旅行》\r\n\r\n來吧，跟我去旅行！\r\n下一次，你想去哪裡？\r\n\r\n那是計劃、願望、也是幻想，\r\n隨著思緒穿梭到最嚮往的地方，\r\n火柴的時間太短；點燈的才夠長。\r\n\r\n第一趟目的地 #雪 和 #星\r\n\r\n多肉關係桌燈\r\n\r\n《發現知音的關係》 \r\n\r\n想一個人靜靜，陪你一起。\r\n\r\n隨性自由裝飾，給原木燈座上些光陰的痕跡；\r\n組裝簡約卻富工業風精神的鐵管燈架；\r\n搭配調性與你符合的艾迪生鎢絲燈泡；\r\n\r\n最後，挑選一位肉多話不多的好朋友。\r\n就這樣靜靜。', '台北市鄭州路 83 巷 4 號', 6, 0, '2020-12-31', 0, '2020-06-30', '2020-07-08 14:10:25', '手作課程', '25.0500428', '121.5106531'),
(26, 'product_26.jpg\r\n', '木客・微光 - 打造自己的工業風美學燈飾', 2, 890, 30, 7, '舊金屬的冷色調加上仿舊暖木作，透露出的獨有性格是工業風令人著迷的特質\r\n\r\n漫步在街上隨意挑選咖啡廳，你會發現這幾年 Loft 工業風的環境設計越來越常見，金屬與深色木作的結合襯托一種獨有的現代風格，再搭配愛迪生鎢絲燈泡，強烈的視覺美感是美式工業風最令人著迷的風格。\r\n\r\n這種沉穩又充滿個性的設計風格，一直是許多人心目中居家風格的首選，可惜價格往往令人感到卻步。沒關係！我們從居家燈飾著手，親手做出的燈飾更具意義！打造生活中一個美好的角落，輕鬆凸顯主人的好品味。', '台北市鄭州路 83 巷 4 號', 6, 0, '2020-12-31', 0, '2020-06-30', '2020-07-07 12:22:01', '手作課程', '25.0500428', '121.5106531'),
(27, 'product_27.jpg\r\n', '【慢木工・質感生活文具】木製鋼珠筆', 5, 1620, 20, 7, '你是否曾停下那繁忙的腳步，慢慢地、好好地欣賞過生活周遭的事物呢？\r\n\r\n木作，是一種能讓你專注、細細品味的一種工藝體驗，在削下木屑的同時，也讓人褪去生活中繁雜的不愉快 ~ 現在，跟著我們一起享受心靈沉靜的片刻、打造出獨一無二的質感作品吧！\r\n\r\n質感生活文具 - 木製鋼珠筆\r\n\r\n工作室製筆活動已三年餘，除了教授木工車床的技術之外，我們花了更多心力、時間在尋找品質精良的製筆五金零件。\r\n\r\n這次特別推薦鋼珠筆五金零件，採用「德國施密特芯蕊」，筆形大方有質感、筆芯滑順好書寫，即使筆芯用盡，在各大書局與文具行也都買得到備品，無論是送禮或自用，都是別具意義的質感作品！', '台北市大同區重慶北路三段 137 巷 2 號 1 樓', 6, 0, '2020-08-31', 0, '2020-07-01', '2020-07-08 14:12:23', '手作課程', '25.0679463', '121.5119494'),
(28, 'product_28.jpg\r\n', '【夢中情人】倪瑞宏、楊依香、顏安', 4, 0, 20, 8, '東西方藝術史中具有致命吸引力的魔性美少女亦或是美少男，都是對青春的讚頌以及賦予肉體反覆推敲的藝術表現，十方藝術空間的「夢中情人」回應2020北師美術館「美少女的美術史」的展覽，展現出台灣多元文化的養成以及近年對於性別平權的努力與成就。\r\n\r\n形式混雜也是這次在十方藝術空間展出特色之一，不同的藝術形式被放置在同一個空間，也因此，整個展出的概念緊扣著台灣當代藝術文化中對美少女/男的想像。如同與「美少女的美術史」策展人之一工藤健志指出即使是以西方為主體的現當代藝術，在這個展出中也只是一種形式的展現：\r\n\r\n「現當代藝術隨著現代化腳步進入了日本以及亞洲世界，但事實上每個地區因此產生出的內涵其實不盡相同，以日本來說，美少女的主題其實在浮世繪中就已出現，也就是說在文明開化前後的一百多年，在日本人的精神感知與感性認識當中，就一直對美少女有著獨特的想像與見解，後來的現當代藝術也出現了大量的類似題材。也因此，我們在這裡把它當成一種單純的藝術類型：一種彰顯日本美少女的方法之一，而不是以西方為主體的美學系統，進而讓它成為日本的一部分，藉此彰顯出自己的文化主體性與特色。」', '104台北市中山區德惠街51號', 6, 0, '2020-07-25', 0, '2020-07-04', '2020-07-08 14:10:20', '文藝展覽', '25.0667124', '121.5249317'),
(29, 'product_29.jpg\r\n', '黑鳥尾隨', 4, 0, 100, 8, '這個展覽是一個回頭看的動作，隱隱感覺身後有什麼在跟著。\r\n\r\n游移在一定距離之外，無法捉摸也揮之不去，因逆光而漆黑的「黑鳥」，用以比喻我對自然世界的記憶與感知，透過身體感的繪畫狀態覺察氣候、天文、地景與動植物，如何影響我是誰，以及人是什麼。\r\n\r\n我偏愛描繪的花鳥樹木山石雲河海，和扭曲的幾何形、軟弱的線條同樣平等，在粗糙、皺摺或薄透的平面上浮現；小尺幅作品的佈置如清單的一個接一個字詞列舉，讓人困惑的並置、碰撞，串連起一個寓言式的空間，折射指向居住空間的記憶和對應生活階段的狀態。\r\n\r\n盧悅，1991年生於花蓮，現居台北。畢業於國立臺北藝術大學美術學系，目前就讀碩士班創作組主修繪畫。\r\n其輕盈的繪畫圖像，有素描和抽象表現主義的特徵。受到文學和建築的影響，通常會反覆在自己的日常速寫、攝影、筆記之間就地取材，作品裡有多種媒材和筆觸構成的風景、自然元素和生活物件，藉由並置和拼貼「搭建」一個似曾相識的、隱喻的場景，捕捉某種世界觀。', '新浜碼頭藝術空間Pin-Bien館(大勇路64號2F)', 21, 0, '2020-07-28', 0, '2020-07-01', '2020-07-08 14:10:17', '文藝展覽', '22.6228436', '120.281378'),
(30, 'product_30.jpg\r\n', '【「凝視那山的居民」劉育仁創作個展】', 4, 0, 40, 8, '睽違年半，移動畫廊再次移回麗晶精品中山藝廊，並將陸續在這後疫情時代舉辦幾檔撫慰人心的展覽。要說一個世代的共同記憶，在過去絕對沒有超越此次全球化疫情的全面性，而且是全人類站在同一個陣線對抗同一個敵人! 我們不會忘記2020! 這也讓人類更正視、敬畏和珍惜曾經豐潤和淨化我們的大自然。\r\n藝術家劉育仁創作以來，一直以單眼相機光圈放大的視角為微不足賞的花草畫肖像，是一種關注自身以外的一切有機生命才會有的憐憫視角，帶我們看見了這些植物細微的原生容貌，也以此奠定了劉育仁的個人風格和對繪畫性技巧的影像性實驗。此次個展，畫家完整呈現三個時期的系列作品，除了早期「風景裡的靈光」系列外，主要聚焦在近2年的「凝視那山的居民」和「新生」二系列。相較於早期偏主觀者微視物件的表現，畫家近兩年的創作則放大了焦點，並在被凝視的對象上投入更多話語權。這些植物在畫家的筆下，都像是有思想的生命體，都在提醒我們，他們的存在對這塊土地的重要。尤其在這次疫情全球大封鎖後，人類暫時消失了，意外地卻讓整個自然界得以呼吸，這不也是對人類的一種嘲笑?', '台北市中山北路二段39巷3號B2', 6, 0, '2020-09-30', 0, '2020-07-01', '2020-07-08 14:10:15', '文藝展覽', '25.0541778', '121.5220553'),
(31, 'product_31.jpg\r\n', '【張振宇當代敦煌 臉書系列】', 4, 0, 60, 8, '閉關創作12年，張振宇習佛40年的修證，將胸中宏觀轉化為磅礴如史詩般的「量子臉書」系列鉅作。放眼觀諸古今，宗教信仰與藝術的結合，成就歷史上無數萬世流芳的藝術光輝，張振宇，手握那早已熟悉的油彩畫筆，開創屬於他的藝術法界，譜寫著無與倫比的佛教藝術新章！\r\n\r\n張振宇將對信仰的見地，結合畢生淬煉於藝術世界的執著與願力，以當代藝術，力圖闡述佛法行至今日非但不落伍，甚至可謂高端的科學。於張振宇而言，「量子臉書」非因構思設計而誕生，亦非風格的成就。歷史事件、各朝藝術精華或佛理教義，張振宇迭用多重時空，以最動人的語言，娓娓道出生命難以言述的見證。\r\n\r\n張振宇「臉書系列」創作，於國父紀念館展出的悸動，是否至今仍難以忘懷？名山藝術台北館「張振宇：當代敦煌 臉書系列」，期待與您更深入探究張振宇凝練對藝術豐沛的熱情、信仰與人生後，所得的精華展現。', '臺北市仁愛路二段48-6號1樓(名山藝術 台北館)', 6, 0, '2020-08-16', 0, '2020-07-01', '2020-07-08 14:10:12', '文藝展覽', '25.0380373', '121.5265821'),
(32, 'product_32.jpg\r\n', '【喂，請問你找哪一位？】Yu-Ting Cheng 個展', 3, 250, 50, 8, '關於兒時回憶你能想起多少？\r\n\r\n當YuTing訴說著她的童年記憶如何為她作品帶來情緒與自我對話時，\r\n身為觀者我們感受到了她的寂寞，俏皮卻又盼望成長的自我矛盾。\r\n\r\nYuTing的創作中往往有意料不到的意外驚喜，\r\n每一件獨一無二的作品背後，都藏著藝術家無限的情感。\r\n在虛與實交錯之間，衍生出那份靜謐與巧思。\r\n\r\n開幕酒會將於6月12日週五晚上七點到九點舉行，\r\n屆時藝術家本人也會與各位貴賓分享她的創作理念與歷程，敬邀各位蒞臨觀展。\r\n\r\n藝術家介紹：\r\nYuTing 生於台灣，\r\n在2017年取得美國羅德島設計學院 (Rhode Island School of Design) 插畫系學士學位。\r\n從小就不擅長用語言完整表達的YuTing透過藝術創作去呈現自己的情感與想法，\r\n在創作的過程中和自己對話，同時透過作品與他人連結。\r\nYuTing 的靈感多來自於身邊的人事物、童年與夢；生活現實、童年回憶以及夢境中的虛實交錯，\r\n一同建構出 YuTing 的創作主體。\r\n\r\n某些看似不重要的兒時回憶，其實拖曳著長長的尾巴，蔓衍至成人的歲月裡，\r\n滲透到了我們的思維、話語與判斷。而生活中的一切在夢境中也以不同的形式解開了現實中的不解。\r\n除了平面的畫作外，YuTing 也不斷的嘗試與尋找新的媒材。\r\n他熱愛雕塑，透過肢體上與不同媒材的接觸，製作出更有溫度、更具情感張力的作品。\r\n她的創作常被描述為 「柔軟亦堅毅、簡單亦複雜、看似平靜卻情緒化」。\r\nYuTing 希望她的作品能讓觀賞者看到他們自己所看到的、感受她所感受到的。\r\n', '台北市大安區四維路76巷9號1樓', 6, 0, '2020-07-13', 0, '2020-07-01', '2020-07-07 12:12:45', '文藝展覽', '25.0343972', '121.5451618'),
(33, 'product_33.jpg\r\n', '【2020 X-site《膜》─ 多重真實】', 4, 0, 50, 9, 'X-site計畫」以美術館戶外廣場為基地，每年公開徵選空間提案，鼓勵跨域、實驗性的創作型態或創意方法論，期望藉由空間構築和美學的延伸與突破，激發對於場域的重新感知與想像。今年共有42件作品參加徵選，經過兩階段評審程序，由跨領域團隊「何理互動設計」以作品《膜》獲得2020年第7屆首獎。\r\n\r\n《膜》，以偏光片（polarizer）的特殊光學效果創造層次多重疊加的空間，觀者於移動間產生觀看錯覺，迷走於邊界曖昧、真實與幻境交疊的超感體驗，如此不斷改變對於空間的認知與詮釋，回應本屆徵件命題－「多重真實」（X-Reality）：探索真實的過程需要持續的交互參照。\r\n\r\n空間：透過感知形成的經驗（模糊空間邊界）\r\n\r\n空間是一種透過感知形成的經驗。人們藉由感官去觀察、經驗空間中的光影，進而認知到邊界，定義出一個空間的樣貌。若能夠模糊物理性的邊界，是否就能顛覆經驗，使空間成為一個持續變化的存在？然而，辨別空間的過程如同認知這個世界的經驗，透過知識和情感的經驗去形塑世界的樣貌，自我的意識成為定義世界的量尺。', '臺北市中山區中山北路三段181號', 6, 0, '2020-08-09', 0, '2020-07-01', '2020-07-08 14:10:09', '文藝展覽', '25.0725939', '121.522663'),
(34, 'product_34.jpg\r\n', '趙剛21st「色表/支架」作為歷史人類誌】', 3, 0, 40, 9, '從八○年代中到進入二十一世紀是中國歷史突進的三十多年，也是台灣經歷經濟起伏與政治認同的考驗期，更是台灣現當代藝術的交會期，以及中國當代藝術隨「後六四」步入國際舞台的狂飆期。曾經歷過文革時期，也是中國前衛藝術團體「星星」畫會成員的趙剛，在這段時期的中國藝術發展中，他以其大膽思辯和繪畫行動研造出一個獨特的「居間」位置：色表（油彩、描繪）與支架（影像、歷史）之間。趙剛運用油彩的色表鋪疊與粗線描繪，讓引用的圖像與影像既從原脈絡中鬆脫，又宿命地被他個人色彩濃厚的筆觸所攫獲，讓畫布成為他與歷史進行對話的舞台。以色表和粗線侵佔歷史圖像與影像的描繪方式，令他發展出中國人類誌的描繪系列，無論是針對人，作品、地景、靜物或場所，「重新描繪」同時成為置入個人觀點與慾望投射的諷喻或詮釋。所以通過描繪所勾勒的型態便關乎到藝術家對於各種歷史「材料」的細膩解讀。這不再是藉著觀念遊戲所展示的「波普」語彙，而是讓生命的筆觸解構意識支架的行動，在帶著果斷、戲謔卻又不時尖銳的愉悅手勢中，歷史（支架）在描繪中的隱現與變化，深刻地帶出漂零的哀傷與憐惜。「色表」與「支架」在作品中的融合是對於「色」的多重操作，這「色」，總具備了藝術家的強烈慾望，又犀利直面著歷史的偏執，最終達成的是「解色」的容貌。\r\n\r\n基於上述的說法，關美館、亞紀與藝術家趙剛，我們共同構想著創作系列的交叉比對、作品尺度的時空穿梭，唯有如此，才能在這有限的時空裡，感知藝術家所開展的人類圖誌。', '112 台北市北投區學園路1號關渡美術館', 6, 0, '2020-08-23', 0, '2020-07-01', '2020-07-07 12:12:41', '文藝展覽', '25.133328', '121.4693603'),
(35, 'product_35.jpg\r\n', '【將日常碎片譜成詩】', 4, 0, 40, 9, '「將日常碎片譜成詩》為一小型策劃展，本計劃擬與兩位以繪畫為基底，各自已發展出互動演出/行為的韓國藝術家合作，意在拓展繪畫產生更多動態、雙向的交流與對話的可能性。但不論是作者談自身的創作或是從題材、筆觸、藝術史脈絡……等面向評論，從觀眾的角度來說都是單向、靜態的且被動的接收繪畫作品的訊息。因此，繪畫作品何以能透過藝術性展演與觀眾開展更多元的對話，是本計劃構思的初衷。除了展演與表達的更多可能性，本計劃另一個意圖是繪畫如何敘事當代生活場景與樣貌，兩位藝術家接透過凝視與觀察日常生活裡的「眾生相」，讓小人物的小故事堆疊出當代場景的敘事厚度。\r\n\r\n鄭高友娜的繪畫作品多以日常生活一隅為題，諸如：洗車停車場、暗夜中微亮的窗台……等，畫風以寫實為主，筆觸多為平塗平刷技法，使用壓克力顏料的彩度多調和了黑灰或白，有股清淡的愁。相比畫作的個人視角或抒發，《即時畫像/Live Portraits》系列則是完全不同的創作風格，藝術家先邀請了願意與她一對一談話的對象，兩人相對而坐，攝影機攝錄參與者的臉並投影到牆面上。牆面上裝置一面透明壓克力片，藝術家放映並投影對話者的影片在牆面上，速寫他/她的臉龐線條，完成後再換上新的透明片，速寫另一位對話者的臉相，最後將所有繪有對話者的壓克力片組合成一件大型裝置。這件作品使用的色彩較為明亮，多是使用未經調色的壓克力原色，而繪製臉龐的繽紛線條層層疊疊，仿若開出一朵燦爛的花，層層綻放的敘事。\r\n\r\n朴慶鍾的繪畫作品有不同的系列，有將繪製過程轉成動畫的系列作品，也有繪畫與物件裝置的作品，總說其個人風格是一色彩鮮麗的奇想世界，畫面或展覽空間裡不同物件在多維度的空間結構中扭結、互動，看似科幻奇想卻有純真童趣之味。《標籤人/#Tagman》系列的圖像展現藝術家快速繪寫的功力，他以水性筆簡單勾勒日常街頭的人事物景象，線條雖然簡約但精準地捕捉了人物的表情、神韻、乃至其日常行為互動，畫風類似報紙上的政治漫畫，題材與敘事倒令人聯想起韓國80年代以來的「民眾美術」脈絡。\r\n\r\n《標籤人/Tagman》與《即時畫像/Live portraits》先與觀眾互動再作畫的路徑恰好相反，藝術家將畫在紙版上完成的作品裁切成約9公分乘4公分的小卡，再以標籤器具釘滿於連帽衣褲上，藝術家穿戴後（藝術家自嘲像雪怪）行走於鬧區街上，讓人抽拿身上的標籤。標籤上的圖像取材自街頭眾生相，然後又再以此與其他人交流，縱使只是交換了隻字片語，但也能再拼貼出了更多饒趣的故事。\r\n\r\n本計劃中兩位藝術家創作及表現形式仍以繪畫為主，而邀展的互動性作品乃奠基在觀察眾生相的凝視之上創作，本計劃冀求透過這兩位藝術家的創作使人思考日常的凝觀與敘事的關係。', '103台北市大同區長安西路39號', 6, 0, '2020-08-02', 0, '2020-07-01', '2020-07-08 14:10:06', '文藝展覽', '25.0507246', '121.5167858'),
(36, 'product_36.jpg\r\n', '【接近─賴志盛】', 1, 0, 40, 9, '臺北市立美術館三樓的藝想迴廊，提供觀眾得以綜覽全館場景、感受大廳的穿透性視野。相較館內的展覽空間，這裡具有開放及流動的特性，強調觀眾自主參與，開創互動、交流與沉澱思考的機會。\r\n\r\n最新計畫《接近》由賴志盛針對空間定位及特性限地製作：從藝想空間往下眺望，大廳好像一個池子，池裡透著光與風，池子的邊緣即是迴廊的女兒牆。他提出「接近光與風一些」的概念。\r\n\r\n這概念是什麼，能帶領人們去哪裡呢？不妨先藉由日常生活中可見的場景，理解這個構想：就像小鳥在高處的位置築巢，建造一個生存的空間；人們在教堂樑柱上或高牆之間建造通道，走向高空中的懸台，在那裡進行祈福，給予精神的慰藉。而賴志盛想像支撐迴廊的兩根柱子是兩棵大樹，女兒牆則是樹木的支幹，他設計了高低不一的平台，繞過柱子、越過橫梁，沿著樑柱延伸，圍繞整個迴廊，最後探進北美館大廳的「池子」，一個原只能觀看、無法前往的地方。\r\n\r\n《接近》將空間特性與觀眾的視野納為一個整體。在這裏頭，賴志盛的工作像是為觀眾創造一個踮腳或跨越的動作，在特殊的位置上觀看與觸摸，進而對這原本的空間產生新感覺，這個空間是北美館的實體，是虛空的大廳，也是光與風的來源。', '10461台北市中山區中山北路三段181號', 6, 0, '2021-06-06', 0, '2020-07-01', '2020-07-07 12:21:51', '文藝展覽', '25.0725939', '121.522663'),
(37, 'product_37.jpg\r\n', '【廟埕的一天】廟埕的一天', 3, 0, 30, 10, '廟埕是早期社會的社區中心亦是鄉里間彼此聯繫情感之所在，與台灣的常民生活息息相關。\r\n\r\n平時廟埕是大家聊天、下棋的地方，兒童遊戲學習的場所，社區民眾議論公共事務，傳播社會消息之處，因此廟埕又是地方的資訊中心。而有神明慶典時，各式的攤販、布袋戲台、電影等應運而生，是當時最熱鬧的集會場所。在台灣人的成長過程中，廟埕是生活中不可或缺的一塊空間。\r\n\r\n本次展覽以廟埕的白天黑夜為主題，集結眾多精采文物，帶領觀眾重溫熱鬧的廟埕。', '桃園市土地公文化館5、6樓特展間', 10, 0, '2020-10-18', 0, '2020-07-01', '2020-07-07 12:12:37', '文藝展覽', '24.9981801', '121.3190857'),
(38, 'product_38.jpg\r\n', '西班牙奇幻攝影大師 尤傑尼歐特展', 3, 0, 30, 10, '尤傑尼歐(Eugenio)創作風格為超現實主義美學，善用乖張詭譎的奇幻美學，將滿幅故事濃縮在一張影像創作上。他花費8年時間，與120位模特兒300人專業團隊合作，在同一個長2.5公尺x寬3公尺手工搭建小房間裡，以一年365天為拍攝主軸，創作365件攝影作品，作品議題涵蓋社會事件、哲學、歷史、影視、娛樂等，也向經典藝術致敬。目前已於馬德里、維多利亞、貝尼多爾姆、倫敦、巴黎、上海與柏林等多個城市進行過展出。今年夏天，即將登陸台北華山展出！！\r\n\r\n本次來台展出，精選「365°」系列近170件超現實攝影作品，並特製長寬約1.3公尺的巨型燈箱打造攝影光廊，增強了攝影作品畫面中的立體感與深度，讓藝術愛好者可以享受沉浸式的觀展體驗。另外，本展特別實景打造10間特色攝影棚，1:1還原尤傑尼歐專屬的攝影小房間，觀賞者可以成為創作者，走入作品之中揮灑創意，突破空間的限制，自由創作屬於自己的時尚大片，「你」就是全場最矚目的焦點！', '100 八德路一段1號 華山1914文化創意園區 東2C館', 6, 0, '2020-09-13', 0, '2020-07-01', '2020-07-07 12:12:34', '文藝展覽', '25.0441303', '121.5272108'),
(39, 'product_39.jpg\r\n', '【第二屆 銅鐘藝術賞 ｛同化者｝', 3, 0, 60, 10, '｛同化者｝試圖探索現代科技框架之下，網路世界全球化現象對人類生活的影響。當科技逐漸控制人類社會食、衣、住、行的一切，改變了生活型態與慣性思維，這些被機械制約而失去主宰權的人類群體，在同化過程中是否還擁有「個體思考」與「想像力」的能力？本展將揭示當代科技、人文藝術領域無法定義之觀點並進行梳理，以情感、行為連結科技作為出發點，將機械與人性運作之中那些關於人類情感的矛盾、道德衝突等現世議題做了另類註解以及新的闡釋。\r\n\r\n網路最初應用於國與國的軍事與政治用途，直至今開放給民間使用而成為資訊散播的主流平台。網際網路從簡易的傳輸需求，再到擁有社群能力、娛樂、服務及交易等等功能，使得人類在知識學習及溝通交流的方式起了化學變化，致使獲取訊息的習慣產生結構性的改變，其中最顯著的是「記憶」擷取訊息的方式。例如搜尋引擎讓知識取得更為快捷，吸收速食化反應了大腦思考的方式，例如記憶關鍵字，再由關鍵字透過搜尋引擎找到訊息內容，因為輸入便利與網路依賴，相對地讓大腦判斷資訊與情報過程中產生片斷記憶而失準。\r\n\r\n面臨資訊快速膨脹且易於取得的時代，藝術家鄭先喻藉由「同化」一詞象徵吸收訊息、學習、獲取情報過程中之正反兩面的關係。在人類即將迎接「零延滯」網路社會的時代，電腦軟體及硬體不斷跳躍進化，將使生活與網際網路必然更緊密連結，所謂的Internet似乎會成為另一種型態的Intranet （早期不對外的對內網路），人與人、人與環境的溝通交流會進入全新的思考狀態，享受科技的便捷，卻可能也引發不確定的焦慮不安感。本次展出的五件創作中，新作《Hijacker:{，}》將藉由賦予機械想像力的方式去凸顯「制式化」下被「規格同化」的社會，作品讓做夢者去敘述自己的夢境，透過第三方將夢境進行勾勒、想像他人的夢境，嘗試探討訊息傳遞之間的主觀交換與變化，而想像力則可能變成特殊能力的關鍵；《Invitation》與《What’s in the middle》則探討網路應用的負面活動與狀態所造成生活上的影響，作品聚焦延伸的個資安全、垃圾資訊、網路犯罪、病毒⋯⋯等。《Discharge what you charged》 迫使觀者在無預警失去手機的方式之情緒心境，進一步反思被機械宰制的被動生活型態，以及衍生的個別生命經驗。《Portrait2020_2011re-edition》集結自2010年至今的系列作品, 藉由感測空間中的觀眾動作，機械人頭產生細微動作與表情，以探問人工智慧機器人是否具有情緒感知。', '台北市大安區建國南路一段177號', 6, 0, '2020-08-02', 0, '2020-07-01', '2020-07-07 12:12:33', '文藝展覽', '25.0441303', '121.5272108'),
(40, 'product_40.jpg\r\n', '【喀邁拉如律令】 Alohomora Chimera', 4, 300, 30, 10, '一場當代視覺藝術的試驗。展覽的主軸試圖將近代殖民歷史比擬為混雜、價值嵌入、多元立場交織而成的不明確、有可能令人產生恐懼感的喀邁拉，而藝術家或者觀者是有法術得以符咒施法，緩慢甚至定格這段時間的道士，再用哈利波特的開鎖咒語剖析、提煉與解咒之後，激發出現什麼樣的被殖民者體悟或提問？\r\n\r\nChimera originates from Greek mythology, referring to a hybrid monster of lion head, goat corpse and snake tail who breathes fire. If we compare the recent colonial history as the uncertain, seemingly horrifying chimera, composed by hybridity, embedded values and multi-standpoints, and the artists as the Taoist priests who can slow down or even fixate the time with Harry Potter’s unlocking charm, Alohomora, what would happen after the artists analyze, extract and remove the spells? What kind of reflections and inquiries of being colonized will arise?', '台北市中正區延平南路98號', 6, 0, '2020-07-12', 0, '2020-07-01', '2020-07-08 14:10:01', '文藝展覽', '25.1313019', '121.7420594'),
(41, 'product_41.jpg\r\n', '【 今昔文青大集合】美術系列講座', 5, 0, 100, 10, '一直以來，樹火踏實走在藝術教育裡，期待從自然出發，將藝術落實生活，\r\n這次樹火相當榮幸能參與 ◤ 穿越聚系列講座 ◥ ，召集台灣本土文青，用台灣畫說台灣故事！　\r\n\r\n台灣是座美麗的島嶼，多元的族群語言，地域的複雜性，造就豐富深厚的文化，李梅樹筆下的人物，陳澄波畫裡的純樸淡水，記錄著土地故事，成為流淌在島嶼人們血液中的珍貴回憶！　　\r\n\r\n「只有藝術家的故事不斷被述說，屬於我們自己的藝術史的輪廓才會越來越立體、越來越豐富。」　　\r\n_____________________________________\r\n\r\n美術系列講座｜穿越聚 ——今昔文青大集合\r\n\r\n召集超時空藝術青年\r\n地域美學力再發現\r\n臺灣美術史輪廓重新對焦——\r\n\r\n美術系列講座從多元觀點、當代視野，閱讀前輩藝術家的創作與生命，串聯常民生活美學，開啟跨時空對話，再發現新北豐沛地域美學力，期待為發生在這塊土地上的美術史注入新流，讓故事繼續說下去......', '新北藝文中心(新北市板橋區莊敬路62號)', 7, 0, '2020-11-30', 0, '2020-07-01', '2020-07-07 12:12:21', '文藝展覽', '25.0261035', '121.469894'),
(42, 'product_42.jpg\r\n', '【尋人啟事 Missing You 】基隆中正公園', 3, 0, 100, 11, '位於基隆港東側山丘上的中正公園，以及座落在基隆港邊的文化中心，對大部分的基隆人而言是十分熟悉的生活場域。公園內的歷史古蹟、宗教名勝、運動休閒設施、遊戲場，文化中心裡的圖書室以及各式各樣的展演活動，充滿了許多人小時候與家人共遊、長大後與朋友或戀人一起創造的美好記憶。然而隨著生活型態的改變，建築空間的老化，如今這兩處地方逐漸被遺忘在五光十色的城市風華中，人潮也遠不如前。\r\n\r\n本展覽主要著眼於中正公園與文化中心在基隆人的童年與青春時代中所扮演的重要角色，以「尋人啟事 Missing You」為主題，透過記憶徵集、在地居民訪談、影像裝置、藝術創作、民眾參與計畫，呈現出中正公園與文化中心跨越了不同世代的豐富人文歷史樣貌，同時也希望重新喚起深埋在基隆人內心深處，對於中正公園與文化中心的情感與記憶亮點。\r\n\r\n展出內容包含基隆市民投稿的老照片；青年藝術家葉雨涵從中正公園的前世今生與耆老市民的童年回憶為發想的全新動畫作品；與網路社群「回基隆」團隊合作，訪談記錄大眾對於中正公園及文化中心的過往回憶與生命故事的串聯；以及邀請基隆市民給未來寫信的書寫計畫。\r\n\r\n2020年下半年，中正公園與文化中心將陸續進行改造工程，如果中正公園與文化中心曾有你的美好回憶，在暫別之際，請與我們一起再次重溫那些回憶的點點滴滴，並為中正公園與文化中心即將的重生留下期許與祝福。', '202基隆市中正區信一路181號', 9, 0, '2020-07-31', 0, '2020-07-01', '2020-07-07 12:12:31', '文藝展覽', '25.1313019', '121.7420594'),
(43, 'product_43.jpg\r\n', '【常陵－星空下的血肉派對】', 3, 400, 60, 11, '常陵的「五花肉系列」是一場人性慾望的演進之旅，在《星空》一劇中，將常陵的五花肉系列中的四個主題，擬人化為故事中的四個主角，打造畫廊裡的沉浸式劇場，與觀眾一同走進常陵五花肉的奇幻世界。\r\n\r\n觀賞者在劇中演出過程，可以以極近的距離欣賞演員的情感細膩演出與呈現的張力，並隨著劇情的演進，唱出角色的內心世界，觀賞者們也能進一步參與並決定戲劇的結局，讓觀眾親自參與一段血淋淋的人性交易。\r\n\r\n愚人文化創辦人李尚潔：「期待透過沉浸式劇場演出，打破傳統美術館對藝術作品的展覽形式，把藝術家與藝術品的心『演』出來，能夠拉近抽象的作品與人的距離，讓觀眾產生共鳴。」\r\n\r\n印象畫廊感謝愚人文化打破框架的創造力與巧思，讓我們感受一次震撼人心的強烈演出。', '印象畫廊', 6, 0, '2020-08-05', 0, '2020-07-01', '2020-07-07 12:12:29', '文藝展覽', '25.1313019', '121.7420592'),
(44, 'product_44.jpg\r\n', '【動漫倉庫－躲貓貓:小猫秘密基地展 HIDE-AND-SEEK】', 4, 250, 200, 11, '去動物園？\r\n不如去「動物城市」吧！\r\n\r\n展覽彷彿走入電影《小猫巴克里》，發現一個無人知曉的秘密基地，一座屬於動物的城市，另一方面也是studio2動畫團隊的秘密基地，為觀眾揭開電影幕後的動畫創作紀錄，從角色設計、場景設計到電影背後所傳達的含義與議題。\r\n「小猫在哪裡?」透過尋找巴克里的過程，一步步走入電影，從動物城市基地到朱大人馬戲園宮殿，發現朱大人的秘密，思索動物與人的關係，以「躲貓貓」反思動物議題。\r\n當今社會動物與人的關係好比「躲貓貓」，對比電影中的動物城市，現實中的人類社會，動物的生存卻縮限在動物園或城市邊緣角落。在城市生活的我們，對於社會秩序和經濟開發習以為常，而漸漸遺忘這片土地動物也曾經生活過的痕跡。電影中的朱大人以人類自我為中心的生活模式，在動物城市中顯得荒誕，然而在真實社會我們卻視之理所當然。邱立偉導演透過創造一座奇幻動物城市，以換位思考的擬人表現手法，關注動物園議題。\r\n', '駁二藝術特區大義區C7動漫倉庫', 21, 0, '2020-08-31', 0, '2020-07-01', '2020-07-08 14:11:31', '文藝展覽', '25.1313019', '121.7420599'),
(45, 'product_45.jpg\r\n', 'Cindy Wang 的幾何進形式】幾何造型、色彩、創作無界限！', 2, 250, 400, 11, '很早以前，人類就從自然界得到各種幾何圖形啟發，例如：太陽是圓形、月亮有時是半圓形、高山是三角形，並且運用這些圖形畫成圖案或發展成文字。Cindy Wang本人就是一個擁有無限想像力的窗口。這次的創作深受包浩斯影響，不同形式的展現散發出多重視覺層次，造型色彩形成對比，藉此探測幾何形狀與色彩觸發觀眾想像力的可能性。\r\n\r\nCindy Wang的平面藝術創作形式多樣，她清楚掌握了適合自己的表達形式，發展構圖簡潔、形色明快的視覺藝術風格，運用幾何圖形排列組合，創作出充滿現代感的中國12生肖與包浩斯造型的漢字，繽紛配色，幾何形狀配置關係，色彩刺激視覺感官，這次展覽也使用不同的媒材來詮釋「顏色」，讓Cindy Wang充滿藝童趣，幾何的創作增添感性樣貌，流露她大玩形狀、顏色、空間的功力。\r\n\r\n在這次「The Story of Shapes」的「幾何」「顏色」創作，更將創作的觸角探向童書插畫。 Cindy的書帶著趣味，以及豐富想像力，充滿了色彩繽紛的奇幻世界。創作就是Cindy的遊樂場，童心未泯的Cindy，從兒童的角度，思考什麼樣的表現最能帶給他們閱讀的樂趣，所以在「The Story of Shapes」與 「太陽和月亮躲在門裡」 這2本書裡，她大膽混合了幾何、顏色、漢字各種技法，巧妙配置形狀和顏色，來襯托出鮮明豔麗的動物與漢字，滿足孩子對中國12生肖與漢字的想像。書中每一個角色和物件，都是由不同比例的幾何色塊構成，誇張變型的漢字造型，複雜的圖案經過抽象化，但不會讓人難以理解。\r\n\r\n在「顏色」上這次Cindy特別使用富有詩意與內涵的「中國傳統國畫色的神秘灰色調」為基底，中國傳統色的每個顏色都有個可愛的名字，「肉粉」代表著嬰兒白裡透紅的膚色，「十樣錦」是表示一種青澀、未成熟感，就像果實皮的顏色般。以灰色或冷色色調搭配鮮豔的橘紅、鵝黃、檸檬綠、蔚藍、玫瑰紅，色彩濃郁厚重且更顯沈穩。所以在這次的作品表現上不僅看見了色彩與幾何形，更用她的設計創作提出不同的視角。這2本書不只是為了學習認識中國字與12生肖而存在，它也可以全方位擴展孩子幾何形與顏色感知的現代語彙。\r\n', '駁二藝術特區大勇區C5當代館', 21, 0, '2021-05-24', 0, '2020-07-01', '2020-07-07 12:21:58', '文藝展覽', '25.1313019', '121.7420550'),
(46, 'product_46.jpg\r\n', '【一頁「神話」，一瞬靈光 】', 3, 200, 20, 11, '法國一代文論名家羅蘭•巴特不僅是符號意義的洞察大師，也是卓越的影像分析者，以獨到深刻的解碼術，帶給我們嶄新的「觀看方式」。從新聞報刊、照片廣告，乃至攝影展覽、電影構圖，巴特時時刻刻都在與「影像」對話，並從中拉拓出妙入毫顛、翻轉成見的另類視角。\r\n\r\n二○一九年，由秋入冬，巴特作品中文新譯連番回歸、登場，「麥田出版」推出了他深刻觀察五○年代社會風貌的文化符號學經典《神話學》、法國多位學者向巴特致敬的新時代版《新神話學》，以及巴特親傳門生、法國文壇名筆香塔勒•托瑪以第一手視角的細膩筆觸回憶恩師的人物側寫極品《我的老師羅蘭•巴特》。\r\n\r\n二○二○年將是巴特辭世四十週年的紀念時刻，讓我們在此重要年份的開端，以近期出版的「巴特三書」及他的「影像剖析術」為觸媒，再度回探這位半世紀以來啟發世人各種不凡思路的奇才，重燃新舊讀者心中經久不歇的「巴特魂」。', '仁愛路三段122號B1', 6, 0, '2020-07-11', 0, '2020-07-01', '2020-07-07 12:12:26', '', '25.1313019', '121.7420560');

-- --------------------------------------------------------

--
-- 資料表結構 `qalist`
--

CREATE TABLE `qalist` (
  `id` int(11) NOT NULL COMMENT '流水號',
  `memberId` int(11) NOT NULL COMMENT '會員ID',
  `question` varchar(5000) CHARACTER SET utf8mb4 COLLATE utf8mb4_unicode_ci NOT NULL COMMENT '問題',
  `productName` varchar(100) CHARACTER SET utf8mb4 COLLATE utf8mb4_unicode_ci NOT NULL COMMENT '商品名稱',
  `answer` varchar(5000) CHARACTER SET utf8mb4 COLLATE utf8mb4_unicode_ci NOT NULL COMMENT '回答',
  `created_at` datetime NOT NULL DEFAULT current_timestamp() COMMENT '建立時間',
  `updated_at` datetime NOT NULL DEFAULT current_timestamp() ON UPDATE current_timestamp() COMMENT '更新時間'
) ENGINE=InnoDB DEFAULT CHARSET=utf8mb4;

--
-- 傾印資料表的資料 `qalist`
--

INSERT INTO `qalist` (`id`, `memberId`, `question`, `productName`, `answer`, `created_at`, `updated_at`) VALUES
(1, 1, '您好，請問買了後有使用期限嗎？？', 'Mosaic Art Studio 土耳其馬賽克燈工作坊 DIY', '有的，買了後需三個月內使用完畢，感謝。', '2020-06-01 14:07:28', '2020-06-26 16:16:37'),
(2, 2, '您好，請問票是2020/6/30前均可用，假日不補價差？', '【獨自的青春 · 文青手作故事】：流浪者手機架', '假日可用，不需加錢', '2020-05-20 16:12:50', '2020-06-26 16:17:19'),
(3, 2, '您好，請問可以有實體票券做自取嗎?', 'eye candle 品味生活 - 親手做花草香氛蠟燭', '您好，目前均以虛擬票券為主尚未提供實體票券', '2020-06-05 14:07:28', '2020-06-26 16:18:27'),
(14, 60, '蠟燭、精油使用上有何差別？', 'WISH TREE｜擴香瓶＆香氛蠟燭 DIY', '擴香精油只要擺上整個空間都持續有香味，蠟燭需燃燒才有味道，且是淡香。', '2020-07-06 17:13:59', '2020-07-10 08:40:23'),
(34, 2, '我想買花，去哪買?', '下班手作｜工業風擴香乾燥花', ' ', '2020-07-02 11:15:17', '2020-07-02 11:15:17'),
(35, 2, '11111111111111151154154', '木梁作｜酒瓶桌燈手作課｜微醺的燈，台南手作小旅行', ' ', '2020-07-02 11:16:53', '2020-07-02 11:16:53'),
(36, 2, '14684684684', '下班手作｜工業風擴香乾燥花', ' ', '2020-07-02 11:27:04', '2020-07-02 11:27:04'),
(37, 2, '456', '松果手感｜夢幻系手作乾燥花', ' ', '2020-07-02 12:52:56', '2020-07-02 12:52:56'),
(40, 2, '有白色的嗎?', '下班手作｜黑曜石松果香氛蠟燭\r\n', ' ', '2020-07-02 13:45:17', '2020-07-02 13:45:17'),
(41, 2, '有香木的嗎?', '下班手作｜黑曜石松果香氛蠟燭\r\n', ' ', '2020-07-02 13:47:06', '2020-07-02 13:47:06'),
(43, 2, '香水香水香水香水香水香水香水', 'eye candle 親手調製你的品味生活 - 專屬擴香 / 按摩蠟燭 / 礦石香水', ' ', '2020-07-02 15:13:54', '2020-07-02 15:13:54'),
(44, 2, '123', 'eye candle 親手調製你的品味生活 - 專屬擴香 / 按摩蠟燭 / 礦石香水', ' ', '2020-07-02 15:14:17', '2020-07-02 15:14:17'),
(45, 2, '123', 'eye candle 親手調製你的品味生活 - 專屬擴香 / 按摩蠟燭 / 礦石香水', ' ', '2020-07-03 13:37:06', '2020-07-03 13:37:06'),
(47, 62, '這花主要用來做什麼的?', '下班手作｜工業風擴香乾燥花', ' ', '2020-07-03 14:16:19', '2020-07-03 14:16:19'),
(48, 62, '789789879798798789789798', '木梁作｜酒瓶桌燈手作課｜微醺的燈，台南手作小旅行', ' ', '2020-07-03 14:38:20', '2020-07-03 14:38:20'),
(50, 62, 'dddddd', 'The Flower Company｜擴香花圈｜希臘神話 X 花藝課程', ' ', '2020-07-03 14:40:43', '2020-07-03 14:40:43'),
(54, 62, '1', '下班手作｜工業風擴香乾燥花', ' ', '2020-07-03 14:43:22', '2020-07-03 14:43:22'),
(56, 63, '可以做郵寄嗎?', '松果手感｜夢幻系手作乾燥花', ' ', '2020-07-03 14:47:11', '2020-07-10 08:44:50'),
(60, 63, '可以自備自己的材料嗎?', 'WISH TREE｜擴香瓶＆香氛蠟燭 DIY｜找尋專屬自己的味道', ' ', '2020-07-06 15:46:38', '2020-07-06 15:46:38'),
(63, 60, '精油可使用於水氧機、精油燈或擴香儀嗎？用量呢？', 'WISH TREE｜擴香瓶＆香氛蠟燭 DIY', '可以的，用量可依個人喜好做調整。或是直接選擇高濃度的複方精油，一次建議滴2-3滴即可。', '2020-07-07 09:03:24', '2020-07-10 08:37:55'),
(64, 67, '請問有教材嗎?', '下班手作｜工業風擴香乾燥花', ' ', '2020-07-07 16:46:34', '2020-07-07 16:46:34'),
(65, 67, '請問材料需要自己準備嗎?', '下班手作｜工業風擴香乾燥花', '不用', '2020-07-07 16:47:11', '2020-07-10 09:03:43'),
(66, 63, '憑證不小心刪除了，是否可以重寄給我?', 'WISH TREE｜擴香瓶＆香氛蠟燭 DIY', '好的，立即為您重寄', '2020-07-09 12:08:03', '2020-07-09 12:09:11'),
(67, 10, '孕婦可以使用嗎？', 'WISH TREE｜擴香瓶＆香氛蠟燭 DIY', ' 孕婦在懷孕期間體質較敏感，因此我們建議懷孕滿8個月後再使用。', '2020-07-09 13:00:41', '2020-07-10 08:42:00'),
(71, 6, '蠟燭的味道會讓人頭暈嗎?', '下班手作｜黑曜石松果香氛蠟燭', '不會喔', '2020-07-09 13:26:23', '2020-07-10 09:04:35'),
(72, 67, '有過敏體質的人可以使用嗎？', 'WISH TREE｜擴香瓶＆香氛蠟燭 DIY', ' 我們的精油是純天然植物萃取，但如果本身對某種植物成分有過敏反應者，不建議使用。', '2020-07-09 14:48:30', '2020-07-10 08:42:11'),
(73, 70, '我是否可以準備自己的容器去裝完成品?', 'WISH TREE｜擴香瓶＆香氛蠟燭 DIY', '可以的，老師在課後可幫你進行客製化的協助。', '2020-07-09 14:48:54', '2020-07-10 08:42:22'),
(75, 63, '我是否可以準備自己的容器去裝完成品?', 'WISH TREE｜擴香瓶＆香氛蠟燭 DIY', ' ', '2020-07-10 10:03:16', '2020-07-10 10:03:16'),
(76, 63, '我是否可以準備自己的容器去裝完成品?', 'WISH TREE｜擴香瓶＆香氛蠟燭 DIY', '可以的，老師在課後可幫你進行客製化的協助。\r\n', '2020-07-10 10:03:34', '2020-07-10 10:04:17');

-- --------------------------------------------------------

--
-- 資料表結構 `rel_member_coupon`
--

CREATE TABLE `rel_member_coupon` (
  `id` int(11) NOT NULL COMMENT '流水號',
  `discountCode` varchar(16) CHARACTER SET utf8mb4 COLLATE utf8mb4_unicode_ci DEFAULT NULL COMMENT '折扣代碼',
  `memberId` int(11) DEFAULT NULL COMMENT '會員ID',
  `memberCouponNum` int(3) DEFAULT NULL COMMENT '會員折價券數量',
  `created_at` datetime NOT NULL DEFAULT current_timestamp(),
  `updated_at` datetime NOT NULL DEFAULT current_timestamp() ON UPDATE current_timestamp()
) ENGINE=InnoDB DEFAULT CHARSET=utf8mb4;

--
-- 傾印資料表的資料 `rel_member_coupon`
--

INSERT INTO `rel_member_coupon` (`id`, `discountCode`, `memberId`, `memberCouponNum`, `created_at`, `updated_at`) VALUES
(30, 'MotherDay', 14, 1, '2020-04-30 15:25:26', '2020-06-22 14:10:13'),
(31, 'MotherDay', 4, 1, '2020-04-30 15:41:23', '2020-06-22 14:10:10'),
(35, 'February', 3, 1, '2020-05-06 09:39:15', '2020-06-22 14:07:23'),
(36, 'MotherDay', 1, 1, '2020-05-06 09:39:25', '2020-06-22 14:10:08'),
(38, 'LiuyingMilk', 3, 1, '2020-05-06 09:40:49', '2020-06-22 14:10:54'),
(41, 'VideoGame', 3, 1, '2020-05-06 09:42:37', '2020-06-22 14:07:37'),
(42, 'VideoGame', 5, 1, '2020-05-06 09:42:48', '2020-06-22 14:07:40'),
(44, 'FlyingFish', 7, 1, '2020-05-06 09:43:44', '2020-06-22 14:10:36'),
(45, 'FlyingFish', 7, 2, '2020-05-06 09:43:56', '2020-06-22 14:10:37'),
(46, 'FlyingFish', 45, 2, '2020-05-06 10:17:22', '2020-06-22 14:10:34'),
(49, 'MotherDay', 9, 4, '2020-05-06 10:41:48', '2020-06-22 14:10:07'),
(54, 'FlyingFish', 4, 1, '2020-05-06 11:05:02', '2020-06-22 14:10:33'),
(55, 'Teacher', 3, 2, '2020-05-06 12:18:18', '2020-06-22 14:11:16'),
(83, 'Rape', 1, 1, '2020-06-22 16:52:53', '2020-06-22 16:52:53'),
(142, 'AAAAAA', 1, 1, '2020-06-30 11:25:07', '2020-06-30 11:25:07'),
(144, 'LiuyingMilk', 2, 1, '2020-06-30 11:26:40', '2020-06-30 11:26:40'),
(146, 'May', 2, 1, '2020-06-30 18:24:01', '2020-06-30 18:24:01'),
(147, 'May', 2, 1, '2020-06-30 18:24:01', '2020-06-30 18:24:01'),
(148, 'June', 2, 1, '2020-07-01 10:58:05', '2020-07-01 10:58:05'),
(150, 'May', 62, 1, '2020-07-03 13:59:53', '2020-07-03 13:59:53'),
(151, 'May', 62, 1, '2020-07-03 14:37:19', '2020-07-03 14:37:19'),
(152, 'June', 62, 1, '2020-07-03 14:37:40', '2020-07-03 14:37:40'),
(158, 'July', 60, 0, '2020-07-07 16:33:39', '2020-07-08 11:03:05'),
(159, 'July', 67, 0, '2020-07-07 16:45:06', '2020-07-08 12:13:23'),
(160, 'Rape', 67, 0, '2020-07-08 12:32:43', '2020-07-08 12:33:49'),
(161, 'Barrel', 67, 0, '2020-07-08 12:46:40', '2020-07-08 14:14:21'),
(162, 'Rape', 67, 0, '2020-07-08 12:47:05', '2020-07-09 13:20:36'),
(163, 'VideoGame', 72, 0, '2020-07-08 14:00:54', '2020-07-08 14:03:41'),
(164, 'Barrel', 72, 1, '2020-07-08 16:26:02', '2020-07-08 16:26:02'),
(179, 'TriStimulus', 63, 0, '2020-07-10 10:00:56', '2020-07-10 10:02:07'),
(180, '123', 63, 1, '2020-07-10 10:01:14', '2020-07-10 10:01:14');

-- --------------------------------------------------------

--
-- 資料表結構 `sessions`
--

CREATE TABLE `sessions` (
  `session_id` varchar(128) CHARACTER SET utf8mb4 COLLATE utf8mb4_bin NOT NULL,
  `expires` int(11) UNSIGNED NOT NULL,
  `data` mediumtext CHARACTER SET utf8mb4 COLLATE utf8mb4_bin DEFAULT NULL
) ENGINE=InnoDB DEFAULT CHARSET=utf8mb4 COLLATE=utf8mb4_unicode_ci;

-- --------------------------------------------------------

--
-- 資料表結構 `wishlist`
--

CREATE TABLE `wishlist` (
  `wishId` int(10) NOT NULL COMMENT '願望ID',
  `memberId` int(10) NOT NULL COMMENT '會員id',
  `productId` int(10) NOT NULL COMMENT '商品ID',
  `created_at` datetime NOT NULL DEFAULT current_timestamp() COMMENT '建立時間',
  `updated_at` datetime NOT NULL DEFAULT current_timestamp() ON UPDATE current_timestamp() COMMENT '更新時間'
) ENGINE=InnoDB DEFAULT CHARSET=utf8mb4 COLLATE=utf8mb4_unicode_ci;

--
-- 傾印資料表的資料 `wishlist`
--

INSERT INTO `wishlist` (`wishId`, `memberId`, `productId`, `created_at`, `updated_at`) VALUES
(218, 63, 32, '2020-07-06 18:36:33', '2020-07-06 18:36:33'),
(219, 63, 40, '2020-07-06 18:36:44', '2020-07-06 18:36:44'),
(221, 63, 11, '2020-07-06 18:36:51', '2020-07-06 18:36:51'),
(240, 60, 3, '2020-07-08 10:42:50', '2020-07-08 10:42:50'),
(243, 60, 11, '2020-07-08 10:42:52', '2020-07-08 10:42:52'),
(244, 60, 32, '2020-07-08 10:42:53', '2020-07-08 10:42:53'),
(247, 60, 1, '2020-07-08 11:13:13', '2020-07-08 11:13:13'),
(248, 69, 3, '2020-07-08 11:54:05', '2020-07-08 11:54:05'),
(249, 69, 5, '2020-07-08 11:54:06', '2020-07-08 11:54:06'),
(250, 69, 6, '2020-07-08 11:54:12', '2020-07-08 11:54:12'),
(253, 60, 40, '2020-07-08 16:40:09', '2020-07-08 16:40:09'),
(254, 60, 6, '2020-07-08 16:40:18', '2020-07-08 16:40:18'),
(256, 75, 4, '2020-07-09 12:43:25', '2020-07-09 12:43:25'),
(266, 76, 4, '2020-07-09 14:34:02', '2020-07-09 14:34:02'),
(270, 67, 27, '2020-07-09 14:35:16', '2020-07-09 14:35:16'),
(282, 80, 4, '2020-07-10 09:47:39', '2020-07-10 09:47:39'),
(284, 67, 7, '2020-07-10 09:48:47', '2020-07-10 09:48:47'),
(285, 67, 16, '2020-07-10 09:48:48', '2020-07-10 09:48:48'),
(287, 67, 32, '2020-07-10 09:48:51', '2020-07-10 09:48:51');

--
-- 已傾印資料表的索引
--

--
-- 資料表索引 `admin`
--
ALTER TABLE `admin`
  ADD PRIMARY KEY (`adminId`);

--
-- 資料表索引 `article`
--
ALTER TABLE `article`
  ADD PRIMARY KEY (`articleId`);

--
-- 資料表索引 `article_comment`
--
ALTER TABLE `article_comment`
  ADD PRIMARY KEY (`commentId`);

--
-- 資料表索引 `category`
--
ALTER TABLE `category`
  ADD PRIMARY KEY (`categoryId`);

--
-- 資料表索引 `comments`
--
ALTER TABLE `comments`
  ADD PRIMARY KEY (`commentId`);

--
-- 資料表索引 `coupon`
--
ALTER TABLE `coupon`
  ADD PRIMARY KEY (`couponId`);

--
-- 資料表索引 `item_lists`
--
ALTER TABLE `item_lists`
  ADD PRIMARY KEY (`itemListId`);

--
-- 資料表索引 `location_area`
--
ALTER TABLE `location_area`
  ADD PRIMARY KEY (`locationId`);

--
-- 資料表索引 `map_cafe`
--
ALTER TABLE `map_cafe`
  ADD PRIMARY KEY (`id`);

--
-- 資料表索引 `member`
--
ALTER TABLE `member`
  ADD PRIMARY KEY (`memberId`);

--
-- 資料表索引 `multiple_imgs`
--
ALTER TABLE `multiple_imgs`
  ADD PRIMARY KEY (`imgId`);

--
-- 資料表索引 `orderlist`
--
ALTER TABLE `orderlist`
  ADD PRIMARY KEY (`orderListId`);

--
-- 資料表索引 `product`
--
ALTER TABLE `product`
  ADD PRIMARY KEY (`productId`);

--
-- 資料表索引 `qalist`
--
ALTER TABLE `qalist`
  ADD PRIMARY KEY (`id`);

--
-- 資料表索引 `rel_member_coupon`
--
ALTER TABLE `rel_member_coupon`
  ADD PRIMARY KEY (`id`);

--
-- 資料表索引 `sessions`
--
ALTER TABLE `sessions`
  ADD PRIMARY KEY (`session_id`);

--
-- 資料表索引 `wishlist`
--
ALTER TABLE `wishlist`
  ADD PRIMARY KEY (`wishId`);

--
-- 在傾印的資料表使用自動遞增(AUTO_INCREMENT)
--

--
-- 使用資料表自動遞增(AUTO_INCREMENT) `admin`
--
ALTER TABLE `admin`
  MODIFY `adminId` int(5) NOT NULL AUTO_INCREMENT COMMENT 'ID(自動產生)', AUTO_INCREMENT=3;

--
-- 使用資料表自動遞增(AUTO_INCREMENT) `article`
--
ALTER TABLE `article`
  MODIFY `articleId` int(10) NOT NULL AUTO_INCREMENT COMMENT '文章ID', AUTO_INCREMENT=45;

--
-- 使用資料表自動遞增(AUTO_INCREMENT) `article_comment`
--
ALTER TABLE `article_comment`
  MODIFY `commentId` int(11) NOT NULL AUTO_INCREMENT COMMENT '文章評論ID', AUTO_INCREMENT=20;

--
-- 使用資料表自動遞增(AUTO_INCREMENT) `category`
--
ALTER TABLE `category`
  MODIFY `categoryId` int(10) NOT NULL AUTO_INCREMENT COMMENT '類別編號', AUTO_INCREMENT=12;

--
-- 使用資料表自動遞增(AUTO_INCREMENT) `comments`
--
ALTER TABLE `comments`
  MODIFY `commentId` int(11) NOT NULL AUTO_INCREMENT COMMENT '流水號', AUTO_INCREMENT=240;

--
-- 使用資料表自動遞增(AUTO_INCREMENT) `coupon`
--
ALTER TABLE `coupon`
  MODIFY `couponId` int(11) NOT NULL AUTO_INCREMENT COMMENT '折扣碼ID', AUTO_INCREMENT=104;

--
-- 使用資料表自動遞增(AUTO_INCREMENT) `item_lists`
--
ALTER TABLE `item_lists`
  MODIFY `itemListId` int(11) NOT NULL AUTO_INCREMENT COMMENT '流水號', AUTO_INCREMENT=538;

--
-- 使用資料表自動遞增(AUTO_INCREMENT) `location_area`
--
ALTER TABLE `location_area`
  MODIFY `locationId` int(100) NOT NULL AUTO_INCREMENT COMMENT '地區ID', AUTO_INCREMENT=29;

--
-- 使用資料表自動遞增(AUTO_INCREMENT) `map_cafe`
--
ALTER TABLE `map_cafe`
  MODIFY `id` int(10) NOT NULL AUTO_INCREMENT COMMENT '景點Id', AUTO_INCREMENT=47;

--
-- 使用資料表自動遞增(AUTO_INCREMENT) `member`
--
ALTER TABLE `member`
  MODIFY `memberId` int(11) NOT NULL AUTO_INCREMENT COMMENT 'ID(自動產生)', AUTO_INCREMENT=81;

--
-- 使用資料表自動遞增(AUTO_INCREMENT) `multiple_imgs`
--
ALTER TABLE `multiple_imgs`
  MODIFY `imgId` int(11) NOT NULL AUTO_INCREMENT COMMENT '流水號', AUTO_INCREMENT=157;

--
-- 使用資料表自動遞增(AUTO_INCREMENT) `orderlist`
--
ALTER TABLE `orderlist`
  MODIFY `orderListId` int(10) NOT NULL AUTO_INCREMENT COMMENT '流水號', AUTO_INCREMENT=229;

--
-- 使用資料表自動遞增(AUTO_INCREMENT) `product`
--
ALTER TABLE `product`
  MODIFY `productId` int(10) NOT NULL AUTO_INCREMENT COMMENT '商品ID', AUTO_INCREMENT=58;

--
-- 使用資料表自動遞增(AUTO_INCREMENT) `qalist`
--
ALTER TABLE `qalist`
  MODIFY `id` int(11) NOT NULL AUTO_INCREMENT COMMENT '流水號', AUTO_INCREMENT=77;

--
-- 使用資料表自動遞增(AUTO_INCREMENT) `rel_member_coupon`
--
ALTER TABLE `rel_member_coupon`
  MODIFY `id` int(11) NOT NULL AUTO_INCREMENT COMMENT '流水號', AUTO_INCREMENT=181;

--
-- 使用資料表自動遞增(AUTO_INCREMENT) `wishlist`
--
ALTER TABLE `wishlist`
  MODIFY `wishId` int(10) NOT NULL AUTO_INCREMENT COMMENT '願望ID', AUTO_INCREMENT=288;
COMMIT;

/*!40101 SET CHARACTER_SET_CLIENT=@OLD_CHARACTER_SET_CLIENT */;
/*!40101 SET CHARACTER_SET_RESULTS=@OLD_CHARACTER_SET_RESULTS */;
/*!40101 SET COLLATION_CONNECTION=@OLD_COLLATION_CONNECTION */;
